customer_id,first_name,last_name,email,phone_number,gender,date_of_birth,city,state,country,postal_code,loyalty_tier,registration_date,is_active
CA0438B8B,Shawn,Lee,abbotttravis@example.net,+61-406-069-765,Male,1987-11-05,Masonville,New South Wales,Australia,0940,Silver,2022-09-22,True
CE30C45CF,Karen,Avery,justin24@example.com,08.6179.6351,Female,1955-08-15,Mirandaberg,Australian Capital Territory,Australia,2957,Bronze,2022-09-05,True
C8F8FA394,Patricia,Mcmillan,waltonanthony@example.org,+61-7-7404-9790,Female,1958-09-02,Jenniferborough,Tasmania,Australia,2638,Bronze,2023-07-22,True
C8729BDD3,Amanda,Erickson,fletcherangela@example.net,+61228518077,Female,1992-07-15,South Amy,Northern Territory,Australia,2657,Silver,2022-08-04,True
C5B754725,Roger,Cook,jcampbell@example.org,+61.3.1225.0463,Male,1974-05-15,St. Robertmouth,South Australia,Australia,2110,Platinum,2024-11-29,True
C71D900A6,Nathan,Young,gloria98@example.net,0720767445,Male,1978-10-11,West Amyton,Queensland,Australia,2674,Bronze,2023-09-11,True
C9A1222FB,Robert,Sanchez,carlos85@example.com,02 7222 1071,Male,1981-03-09,Yvonneside,Australian Capital Territory,Australia,2619,Bronze,2026-06-16,True
C7286AB54,Brian,Vega,carlamanning@example.org,0473.445.928,Male,1957-03-26,Melindaside,Victoria,Australia,2202,Platinum,2023-12-12,True
C7950CDFE,Haley,Gallegos,michaelortega@example.net,+61.7.0155.2292,Female,1988-12-24,Charlesstad,Tasmania,Australia,2614,Bronze,2026-05-17,True
C991EB380,Michelle,Washington,basseric@example.com,08 4691 3867,Female,2005-11-24,Port Kellyton,Western Australia,Australia,2344,Bronze,2023-09-10,True
C07D436EE,Brandy,Mcdonald,jill63@example.com,+61.491.535.366,Female,1946-02-09,Karenchester,Western Australia,Australia,2582,Bronze,2024-12-02,False
C0302FD0B,Barbara,Stewart,santhony@example.net,+61.456.002.096,Female,1982-09-26,Patrickfurt,South Australia,Australia,2619,Bronze,2023-05-19,True
C1D5C8B9A,Kyle,Brown,john54@example.net,+61 7 4427 8353,Male,1964-05-07,Spencerton,Australian Capital Territory,Australia,0896,Silver,2026-07-08,True
C0F8F883E,Richard,Mendez,samanthaerickson@example.com,0401.874.146,Male,1959-07-21,West Michaelfort,Queensland,Australia,2987,Bronze,2022-05-07,True
C5C2A9C10,Keith,Hughes,igross@example.com,+61 3 7028 0858,Male,2007-07-13,St. Peterburgh,Tasmania,Australia,2173,Bronze,2026-07-04,True
CB35FBDFF,Andre,Bryan,kharris@example.com,(08)85347466,Male,1992-02-29,Vargasview,New South Wales,Australia,2933,Gold,2023-04-11,False
CFD0DA359,Cindy,Romero,greenjohn@example.org,+61 7 9148 5323,Female,1983-09-07,Port Lanceburgh,Victoria,Australia,9052,Bronze,2024-08-13,True
C10CF3759,Jason,Young,terri14@example.net,+61.3.3674.3802,Male,1992-02-09,Port William,Northern Territory,Australia,3510,Bronze,2025-08-02,True
C16AF2260,Gabriel,Howard,andreamiller@example.com,+61-7-5246-4334,Male,1988-11-11,Lake Elizabethbury,Victoria,Australia,2501,Bronze,2025-11-16,True
CDAF72823,Jordan,Smith,williamsalex@example.org,+61.7.0445.4331,Female,2001-05-06,Morganview,Queensland,Australia,2990,Bronze,2024-06-11,True
C7E456E03,Brenda,Morris,theodoregeorge@example.org,+61 428 339 037,Female,1958-01-30,South Calebland,South Australia,Australia,2939,Silver,2025-12-12,True
C7E9E2B1A,Natasha,Jacobs,dray@example.org,03-2728-2298,Female,2004-12-19,Port John,Australian Capital Territory,Australia,6178,Bronze,2022-07-24,False
C836CC372,Michelle,Ward,matthew93@example.org,0414 533 135,Female,2000-03-24,North Williammouth,Tasmania,Australia,2708,Bronze,2026-03-12,True
C2B2E024C,Jacob,Mcdonald,sherrywillis@example.net,+61.2.7282.6560,Male,2003-09-22,Port Alicia,South Australia,Australia,0915,Bronze,2025-11-04,True
C6FA9A44B,Jason,Moses,melissacontreras@example.com,0327998712,Male,1973-07-01,Port Jesus,Western Australia,Australia,5658,Silver,2024-03-05,True
CE7318318,Carrie,Luna,gary74@example.org,(03)43271004,Female,1971-11-17,Henryburgh,South Australia,Australia,2989,Bronze,2024-11-23,True
CDB9FA3FA,Veronica,Brown,rachel65@example.com,+61.454.179.561,Female,1996-08-25,North Matthewview,Tasmania,Australia,2619,Silver,2023-07-06,True
C41DA826A,Kenneth,Gomez,duncanrandall@example.org,0814-8353,Male,1950-02-21,Rebeccaland,Victoria,Australia,2976,Silver,2022-01-14,True
C5E52A1A5,Nicole,Adams,duncanphillip@example.net,0412 346 395,Female,2005-10-28,Goldenville,Queensland,Australia,2525,Bronze,2026-08-02,True
C9BC930D7,Charles,Simpson,rhondamora@example.org,7808.3035,Male,1965-10-03,Daltonborough,Northern Territory,Australia,9595,Bronze,2022-05-04,True
C57737125,Robert,Guerrero,victoriawilliams@example.com,(03)51946998,Male,2003-07-31,Port Tara,Victoria,Australia,0901,Bronze,2026-02-24,True
CADA0D767,Diane,Taylor,jenkinseileen@example.org,0461-989-005,Female,1946-03-28,New Matthew,South Australia,Australia,2498,Gold,2025-08-21,True
C1796D246,Bianca,Merritt,xwarner@example.net,+61 7 5164 3979,Female,1963-08-29,Douglasmouth,Tasmania,Australia,2165,Bronze,2025-11-19,True
C9504E1ED,Ryan,Odonnell,cantudennis@example.com,(02) 2715 0523,Male,1971-01-12,Ramirezport,Victoria,Australia,2665,Platinum,2023-08-19,True
C4BB82565,Sabrina,Mccormick,christopherboyd@example.net,0486 052 250,Female,2001-12-19,Lake Jasonmouth,Northern Territory,Australia,7237,Gold,2025-05-12,True
C31266259,James,Deleon,christina07@example.com,+61.7.6475.3778,Male,2000-05-31,Port Michaelville,Queensland,Australia,1908,Silver,2024-05-22,True
C79CE6004,Karla,Turner,turnerlaura@example.com,+61-472-386-556,Female,1992-07-19,Douglasberg,Australian Capital Territory,Australia,2607,Silver,2022-03-27,True
C25D5781D,Jessica,Guerrero,heatherlowery@example.com,+61 494 118 278,Female,1948-07-09,New William,South Australia,Australia,2674,Silver,2022-04-25,True
C7672C88F,Caroline,Noble,xwilliams@example.org,+61 3 7698 7491,Female,1995-02-20,Stevenmouth,Queensland,Australia,2661,Bronze,2022-11-18,True
CE1BB6E31,Keith,Young,gardnermonica@example.org,(02).2628.9890,Male,1973-06-14,Collinsview,New South Wales,Australia,2965,Bronze,2024-12-08,True
C9EFD9A1F,Jeremy,Decker,susanbradshaw@example.org,15440142,Male,2003-05-31,Lake Susanton,Western Australia,Australia,2975,Silver,2025-10-29,True
C9F3324E6,Christine,Tucker,david60@example.net,08-3389-4199,Female,1999-12-04,Port Paulatown,Northern Territory,Australia,0844,Platinum,2023-05-12,True
C8CC94C64,Anthony,Weiss,karen75@example.net,9277 1039,Male,1961-03-31,Scottmouth,Tasmania,Australia,4824,Bronze,2025-05-15,True
C6ADB5B4B,Derrick,Foster,figueroaamy@example.com,0496-775-517,Male,1966-05-03,St. Timothystad,New South Wales,Australia,2608,Bronze,2025-11-10,True
CCFF4227E,Amy,Willis,andersonsusan@example.net,08-8480-5778,Female,1960-04-06,Josephborough,New South Wales,Australia,2652,Platinum,2021-09-05,True
C03510D3A,Aaron,Leon,reynoldsdevin@example.com,+61 438 632 226,Male,1975-02-04,St. Christopherberg,Western Australia,Australia,9496,Bronze,2024-04-05,True
C243437FD,Rodney,Barber,tracy14@example.net,+61214843147,Male,1980-08-20,Sergioborough,Queensland,Australia,2688,Platinum,2026-03-03,True
C3D8753C6,Joseph,Garcia,bryancrystal@example.com,(08)37704261,Male,1979-08-20,Nicoleport,Western Australia,Australia,9584,Bronze,2022-03-19,True
C31D3FE47,Joanne,Waller,gary17@example.org,2090.9003,Female,1961-11-27,Staceytown,Northern Territory,Australia,2649,Silver,2025-08-16,True
C4965018C,Brandon,Durham,morganwilliam@example.com,3554.6589,Male,1978-04-11,North Stephanie,Northern Territory,Australia,2664,Bronze,2023-09-22,True
C867CD00C,Curtis,Davidson,smithjennifer@example.org,(02)18701369,Male,1957-12-15,Anitachester,Tasmania,Australia,2500,Silver,2022-11-08,True
C944696C9,Stephen,Jackson,gmcdowell@example.net,9543.4443,Male,1987-07-21,Brianview,New South Wales,Australia,2658,Bronze,2022-09-14,True
C50ACC065,Derek,Davis,maria98@example.net,0309003994,Male,2007-11-29,Richardsbury,Northern Territory,Australia,2919,Bronze,2023-12-07,True
C4BA630E0,Sandra,Atkinson,christiancarroll@example.org,+61.7.3244.7060,Female,1952-12-01,West Matthewside,New South Wales,Australia,2616,Bronze,2025-03-07,True
C2128650A,Sarah,Robinson,murraybethany@example.org,+61-8-6048-7741,Female,1965-11-05,Port Eddieshire,Western Australia,Australia,0228,Bronze,2023-11-16,True
C6D2C1F98,Jason,Williams,conleycynthia@example.net,56479614,Male,1965-04-16,West John,Victoria,Australia,2919,Bronze,2026-03-08,True
C59727800,Sandra,Smith,odonaldson@example.com,0387347582,Female,1966-12-14,South Shelbyfurt,Northern Territory,Australia,8971,Silver,2025-03-25,True
CFA0483E6,Edward,Sanchez,mlong@example.com,(07)-5007-5992,Male,2000-12-13,West Cameronburgh,Queensland,Australia,2965,Silver,2023-03-05,True
C4717B0DD,Tara,Smith,philipshelton@example.org,+61 3 5160 1431,Female,1974-10-18,Davidchester,New South Wales,Australia,2064,Bronze,2025-08-03,True
CADAAE067,Mary,Nash,matthew90@example.org,+61-466-022-266,Female,1983-05-19,Port Donaldshire,Queensland,Australia,6519,Bronze,2022-02-18,True
C1027EEA6,Katelyn,Mejia,cuevasderek@example.com,+61.493.214.160,Female,1956-01-02,North Robert,Tasmania,Australia,2623,Silver,2023-08-18,True
CF2D5DA28,Shawn,Blake,singhjesse@example.net,08315508,Male,1954-03-08,South Richard,Victoria,Australia,2353,Bronze,2023-03-28,True
C414D729B,Jason,Graham,kimberly61@example.net,0487-978-510,Male,1975-02-20,New Stanleyfort,Queensland,Australia,2945,Bronze,2021-11-03,True
C6C28C58F,Joe,Martin,fgomez@example.com,21687016,Male,1977-02-23,Danaside,Tasmania,Australia,2964,Bronze,2025-10-22,True
CB8BEBEE1,Shaun,Moody,darren79@example.org,0430-321-155,Male,1959-04-11,Haasview,South Australia,Australia,4098,Bronze,2023-11-29,True
CBBC91E24,Brian,Ochoa,renee81@example.org,+61-7-6985-6698,Male,1980-01-10,East Amandaberg,Northern Territory,Australia,5301,Bronze,2026-03-13,True
C4774DA11,Christopher,Ortiz,tlopez@example.com,0489.864.613,Male,1967-06-08,Taylorberg,Tasmania,Australia,2920,Bronze,2026-02-17,True
C2B5D5C5A,Jessica,Silva,matthewwhite@example.net,+61 463 022 294,Female,1995-06-25,St. Roberta,Queensland,Australia,2098,Silver,2026-04-22,True
C9DE057CC,Corey,Hall,spierce@example.net,(08) 7275 5679,Male,1948-09-08,Figueroachester,Northern Territory,Australia,2909,Bronze,2023-11-15,True
CB2A4CD30,Samuel,Miller,bruce83@example.net,32330938,Male,1970-09-22,Jenniferland,Queensland,Australia,2649,Silver,2023-12-24,True
C822E9175,Robert,Miller,ashley88@example.net,(07)-4025-3938,Male,2005-05-12,Mcgeefurt,Queensland,Australia,2638,Bronze,2026-01-23,True
CFD71EC57,Kevin,Krause,shellyclark@example.net,+61740590685,Male,1995-05-23,Bradfordburgh,South Australia,Australia,2617,Bronze,2026-02-03,True
C98C0A382,Pamela,Reynolds,bjimenez@example.net,+61.8.7546.2651,Female,2006-02-07,New Joshua,Queensland,Australia,2674,Bronze,2021-12-06,True
C9DB94FD3,Elizabeth,Watkins,pachecojames@example.com,7132.3397,Female,1996-08-16,South Aaron,Western Australia,Australia,2280,Bronze,2022-06-29,True
CB8D814E9,Dawn,Dennis,imorgan@example.org,0499-803-239,Female,1997-06-12,Yuborough,Northern Territory,Australia,1305,Silver,2023-11-18,True
C586D42C0,Greg,Rodriguez,markcoffey@example.net,88951076,Male,1975-01-26,Deleonland,Queensland,Australia,5342,Silver,2024-07-05,True
C957F1678,Daniel,Thomas,knappaaron@example.com,+61.432.297.142,Male,1975-07-07,Meganport,Queensland,Australia,2480,Gold,2023-06-06,True
C83D776BB,Denise,Carpenter,stevenrhodes@example.net,03-5407-9213,Female,2004-04-05,Leslieville,Northern Territory,Australia,2668,Bronze,2026-07-05,True
C452628E4,Deborah,Galloway,jonathan46@example.net,0460.843.025,Female,1947-02-23,Lake Kevinfort,Western Australia,Australia,2691,Gold,2024-11-25,False
CE5EEF7CF,Crystal,Parrish,kelseymcguire@example.com,8306-7091,Female,1962-02-13,Phambury,Western Australia,Australia,2608,Silver,2021-10-24,True
CBD13D288,Tracy,Burns,stephenbooth@example.net,79316076,Female,1980-10-24,New Diana,Australian Capital Territory,Australia,2669,Bronze,2023-06-05,True
CB8A969C3,Kylie,Daniel,emilylee@example.org,03-8445-7690,Female,1998-06-30,Samanthashire,Victoria,Australia,0202,Silver,2024-06-25,True
C379C5F10,Wanda,Johnson,jeremy21@example.com,(07)24868225,Female,1978-02-28,Jeremyfurt,South Australia,Australia,0894,Silver,2023-10-03,True
C5CC64C03,Pamela,Meadows,eric62@example.com,+61-448-387-917,Female,1946-02-01,East Rhonda,Australian Capital Territory,Australia,2691,Platinum,2022-09-08,True
C05934BD4,Michael,Kent,zamorakaylee@example.org,0332343582,Male,2007-04-22,Carlamouth,Western Australia,Australia,2957,Bronze,2025-11-15,False
C9520F7AD,Willie,Hanson,kimberlyanderson@example.org,(03) 6049 2733,Male,1961-09-18,Carrollhaven,Victoria,Australia,2628,Gold,2023-12-22,True
C1212B3D8,Alexandra,Johnson,rhodesrichard@example.com,09878031,Female,1979-01-09,Everetthaven,Victoria,Australia,2920,Bronze,2023-09-16,True
C3469A472,Brian,Burke,elizabethscott@example.org,0312197183,Male,1995-04-05,New Vincent,Victoria,Australia,2935,Silver,2022-07-28,False
CC85B9308,Eileen,Walton,allisonsimpson@example.com,+61 8 0974 4563,Female,1995-02-21,St. Douglas,Australian Capital Territory,Australia,2712,Bronze,2022-04-05,True
CACD9B8A6,Megan,Braun,donna63@example.com,+61 422 496 336,Female,1954-07-16,Johnfurt,Western Australia,Australia,2656,Bronze,2023-04-30,True
C071B081C,Tiffany,Allen,kim35@example.com,0483 378 849,Female,1985-09-21,Port Selenaborough,Queensland,Australia,2208,Bronze,2023-08-18,True
CA267B55B,Tina,Conway,brandonharris@example.org,0463.474.119,Female,1948-03-02,St. Jasminestad,Western Australia,Australia,8865,Bronze,2023-12-27,True
CB0B21D8E,Jared,Welch,barbara76@example.org,0429.285.875,Male,2006-10-25,South Steven,Australian Capital Territory,Australia,2999,Silver,2025-01-16,False
CBBCEBBFB,Clarence,Vincent,rcrane@example.com,0451 770 300,Male,1982-07-14,St. Briannastad,South Australia,Australia,2127,Silver,2024-03-04,True
C08E24DD2,Gene,Salazar,waynejensen@example.org,+61-7-6424-1303,Male,1976-01-28,Lawrencechester,Tasmania,Australia,2146,Silver,2022-11-24,True
C5D7224F7,Amber,Davis,karen72@example.org,+61 3 4276 6690,Female,1986-06-03,Jerryburgh,Victoria,Australia,2968,Bronze,2025-05-09,True
C1F2249C2,Elijah,Williams,jameswhite@example.org,8738.3142,Male,1998-09-05,Wardfurt,Australian Capital Territory,Australia,2324,Silver,2025-08-15,False
C5A951D85,Maria,Mann,williamsmichele@example.net,81543535,Female,2002-11-11,New Ann,Victoria,Australia,2952,Silver,2021-11-23,True
C65CD77B6,Laura,Brown,murphyjose@example.org,02-4300-4943,Female,1995-11-23,West Stephanie,Western Australia,Australia,2409,Bronze,2024-10-25,True
CB1820620,Sara,Edwards,ebender@example.com,0419-844-697,Female,1970-12-14,Kellerburgh,Victoria,Australia,2649,Bronze,2024-02-29,True
C164EDA0E,Diana,Butler,ericfoster@example.net,0437-232-380,Female,1947-03-03,Johnchester,Northern Territory,Australia,2718,Bronze,2022-04-05,False
CB7A430C3,Paul,Smith,brenda56@example.com,(07)74298293,Male,1978-12-18,Brandonport,Northern Territory,Australia,2922,Bronze,2021-12-01,True
C17850BFE,Ryan,Richardson,garciaerica@example.com,+61 7 1620 9420,Male,1983-12-30,Alexanderfurt,Australian Capital Territory,Australia,2930,Silver,2022-12-19,True
C8DA02F59,Peter,Nelson,harveyrobert@example.org,03 8135 6712,Male,1968-05-14,Chloebury,New South Wales,Australia,2883,Gold,2025-12-23,True
C89215572,Katherine,Spencer,randolphkevin@example.net,+61754125647,Female,1948-05-06,Brownbury,Australian Capital Territory,Australia,2639,Bronze,2026-02-23,True
CC08EB9DF,Karen,Murphy,patrickcain@example.com,(07).3471.9269,Female,1950-02-02,Robinsonland,New South Wales,Australia,2693,Bronze,2025-12-12,True
CCF2C1E97,Brittney,Colon,singhgabriel@example.net,+61.469.223.451,Female,2001-05-06,North Benjamin,Tasmania,Australia,2293,Bronze,2025-06-22,True
C2F18D77A,Dana,Stone,pamelanichols@example.net,+61 8 6569 4314,Female,1974-06-19,East Kimberlyberg,Western Australia,Australia,2944,Silver,2022-02-13,True
C895817FE,Tamara,Small,maureenoconnor@example.net,+61.418.293.708,Female,1996-10-10,Codymouth,South Australia,Australia,1819,Platinum,2021-09-25,True
CED66AB32,Sandra,Brown,sandragriffith@example.com,(07) 4865 8856,Female,1946-11-05,Walkermouth,Victoria,Australia,7066,Gold,2026-03-02,False
C34BE83AA,John,Smith,pmyers@example.net,3438-9385,Male,1980-12-25,St. Crystal,Northern Territory,Australia,2621,Bronze,2023-11-18,True
C1E07B1FA,Ian,Murphy,jwalker@example.org,(08).7359.3906,Male,1994-12-31,Port Scott,Western Australia,Australia,2573,Bronze,2023-12-01,True
CB1A72C76,Amanda,Torres,crystalgarcia@example.org,+61 407 168 224,Female,1980-10-03,St. Angela,Queensland,Australia,1704,Platinum,2021-10-09,True
C583BECD7,James,Gonzalez,brittney05@example.net,(07).9793.1591,Male,1973-02-04,West Deniseberg,Victoria,Australia,2680,Silver,2022-02-18,True
C2BB5A5B6,Jeremy,King,ramirezrobert@example.net,(07)96884273,Male,1949-12-23,East Joseph,Western Australia,Australia,0984,Bronze,2025-04-02,True
CC60F9541,Samantha,Smith,craigpatterson@example.net,0297109355,Female,1987-06-15,Martinezville,Victoria,Australia,2349,Bronze,2025-06-04,True
CCB42D4C2,Ann,Scott,uzavala@example.org,(02) 9077 5921,Female,1947-11-06,East Marisa,South Australia,Australia,2929,Bronze,2025-03-19,False
C9CE0631F,Timothy,Wilson,nathanhunter@example.com,(08)-5758-4652,Male,1978-08-05,Stephanieport,Tasmania,Australia,2077,Bronze,2021-11-28,True
C8CB6F057,Lauren,Murray,iperez@example.com,0474-684-352,Female,1946-08-27,Judithborough,Australian Capital Territory,Australia,0273,Bronze,2022-10-29,True
C54B5300B,Lauren,Adams,olarsen@example.com,02-7674-6950,Female,1978-10-24,St. Jennifer,New South Wales,Australia,2924,Silver,2023-12-19,False
C097F0824,Thomas,Guzman,agriffin@example.com,6461 9895,Male,2002-05-26,Josephhaven,Victoria,Australia,0868,Gold,2024-06-13,True
C6370B9C7,Brittany,Walker,traci89@example.com,02-0113-4966,Female,1968-05-05,Caseport,South Australia,Australia,2062,Bronze,2026-04-30,False
C8700E436,David,Taylor,katherine99@example.org,+61836307203,Male,1951-09-08,New Kellymouth,Queensland,Australia,1982,Bronze,2021-11-04,True
C67134F32,Stephen,Taylor,nicholasdaniels@example.com,0476.2042,Male,1976-03-21,Lake Lisaport,South Australia,Australia,8474,Bronze,2023-04-22,True
C1072A9B3,Tina,Sloan,lanceshaffer@example.org,(08) 6738 6084,Female,1950-07-15,Bridgesshire,Western Australia,Australia,2697,Silver,2021-08-22,True
C3EBB62AF,Thomas,Cook,rpollard@example.org,7997-7334,Male,1954-07-05,North Susanberg,Australian Capital Territory,Australia,2929,Bronze,2023-06-17,False
C0F4B437F,Katie,Mcclure,dpratt@example.org,(02) 1928 2429,Female,1977-09-04,Lake Laurenmouth,Queensland,Australia,2417,Bronze,2024-01-24,False
C18A52926,Miranda,Kelly,zblack@example.net,90400319,Female,1991-06-05,Port Kenneth,New South Wales,Australia,2606,Bronze,2021-09-27,True
CBFF1D20C,Victor,West,jasonhogan@example.org,07 4563 8099,Male,1981-08-21,Lake Amychester,Western Australia,Australia,2619,Bronze,2022-05-12,False
C7446C036,Johnny,Massey,pughelizabeth@example.com,0394850549,Male,1970-01-07,Perryport,Australian Capital Territory,Australia,2904,Silver,2022-05-31,False
CF1ACFAF2,Rebecca,Brown,timothymassey@example.net,+61250645686,Female,1950-04-14,East John,New South Wales,Australia,2605,Bronze,2021-09-08,True
C951366E0,Molly,Fisher,josephsullivan@example.net,0415.837.957,Female,2006-03-13,South Travisshire,Northern Territory,Australia,2407,Silver,2026-01-02,True
CE06C7BFD,Joanna,Martinez,william30@example.com,0880353215,Female,1986-03-19,Laurenville,Victoria,Australia,2670,Gold,2026-07-29,True
C0B3F9F34,Deanna,Steele,farleyrose@example.net,+61 2 9097 9079,Female,1997-02-16,North Davidberg,Victoria,Australia,2995,Silver,2025-06-17,True
C6B7E31BF,Leah,Lee,rosedebra@example.com,+61.485.927.193,Female,1962-07-24,Cunninghamshire,Northern Territory,Australia,2138,Silver,2022-03-18,True
CEAA0249B,Mary,Fisher,ihobbs@example.net,+61-477-585-478,Female,1946-09-22,Lisaport,Western Australia,Australia,2619,Bronze,2026-01-04,True
C41799E25,Sara,Mason,lrandall@example.com,0404-514-252,Female,1966-02-27,Lake Jeffrey,Victoria,Australia,2396,Bronze,2022-07-15,True
C1D0B30A2,Edward,Johnson,nicholas95@example.org,+61.472.057.745,Male,1971-12-10,Port Leahton,Queensland,Australia,2616,Bronze,2025-03-17,False
C9EAE4EF3,Jessica,Edwards,janethill@example.net,0443 911 496,Female,1968-06-06,Zoemouth,Queensland,Australia,2611,Bronze,2024-10-15,True
C3C8AFDFE,Jackson,Brown,gsanders@example.com,(07)05503361,Male,1978-10-16,Douglasburgh,Victoria,Australia,1657,Bronze,2025-08-09,True
C058B996A,Mark,Ibarra,bgibson@example.net,(07).1535.3455,Male,1950-12-05,South Gary,Australian Capital Territory,Australia,2671,Bronze,2023-09-03,True
CA0EFA8F5,Todd,Ray,curtisfinley@example.org,(07)-4257-2406,Male,1994-03-01,East Matthewstad,Northern Territory,Australia,2024,Bronze,2025-12-10,True
C3E19F9E9,Jessica,Kaufman,jamessmith@example.net,+61-7-4298-1170,Female,1979-07-21,Paulaton,Tasmania,Australia,7302,Bronze,2024-08-26,True
C091C3473,Mary,Garcia,qmurray@example.org,0453.572.262,Female,1993-07-04,Lake Richard,Tasmania,Australia,6882,Silver,2023-03-04,True
CCA88FE38,Robert,Bird,callahanbrian@example.net,(07)69686400,Male,1977-08-08,South Williamburgh,Western Australia,Australia,2821,Gold,2024-11-27,True
CA8754E65,Chad,Delgado,ellisclaudia@example.com,+61 474 270 368,Male,1999-07-14,Fieldsside,Northern Territory,Australia,2793,Silver,2025-04-24,True
C3B19D1CA,Stephanie,Barr,glennjacob@example.org,0479.269.980,Female,1976-04-19,East Michelle,Northern Territory,Australia,0898,Silver,2024-11-08,True
CBAE1733B,Anthony,Howell,anthonykelly@example.net,0487.304.592,Male,1959-05-27,South Cameron,New South Wales,Australia,2619,Bronze,2023-10-13,True
CEF59EEA4,David,Welch,dthomas@example.org,0482 975 364,Male,1947-04-02,Smithtown,Australian Capital Territory,Australia,2620,Gold,2023-08-06,True
CCE602A2B,Jessica,Glover,shermanveronica@example.org,0775395815,Female,1958-10-01,Lawsonhaven,Northern Territory,Australia,2609,Bronze,2024-09-26,False
CE8F9F640,Cynthia,Davis,torresstephanie@example.org,0836406610,Female,1972-12-06,St. Garychester,Tasmania,Australia,2990,Gold,2026-05-23,True
C879FD2B4,Deborah,Gray,brenda74@example.net,08.9230.7774,Female,2000-01-15,East Douglasstad,Western Australia,Australia,2581,Platinum,2024-07-18,True
CE77B6E39,Susan,Fletcher,romerocatherine@example.com,0488 665 507,Female,1984-08-11,Wiseland,Queensland,Australia,2604,Gold,2026-05-29,True
C2CF4329C,Glen,Diaz,rodriguezkelsey@example.org,+61.7.9495.9578,Male,1974-01-20,Wolfeton,Tasmania,Australia,2986,Gold,2023-01-16,True
CFAB25BC2,Isaiah,Swanson,ecollier@example.net,07 6128 7452,Male,1965-06-30,Nguyenstad,Western Australia,Australia,9545,Bronze,2022-06-09,True
C522EA6F9,Ruth,Bush,danielrodgers@example.com,7086 4212,Female,1968-09-06,East Jeremy,Victoria,Australia,7795,Bronze,2022-09-23,True
C5A9E6148,Jimmy,Harvey,carolkirby@example.com,6622 3486,Male,1998-09-27,Hughesburgh,Western Australia,Australia,2677,Platinum,2025-04-14,True
C949945C6,Brooke,Alexander,cjacobs@example.org,02.2040.2750,Female,2007-09-18,East Christinahaven,South Australia,Australia,2918,Silver,2023-07-21,True
CA7EB2947,Ryan,Martin,thomaspamela@example.org,+61 443 402 502,Male,1985-01-10,Lake Kelsey,Victoria,Australia,2942,Bronze,2022-03-23,True
CC5EBA5CB,Elizabeth,Jackson,kayla24@example.org,(07)90708443,Female,1962-02-04,Smithview,Western Australia,Australia,2054,Bronze,2022-05-30,True
C7AB97C9E,Joshua,Everett,sbuckley@example.org,+61.7.9956.5136,Male,1956-02-21,South Staceyport,Tasmania,Australia,2964,Bronze,2024-12-24,True
C7088DA11,Gina,Young,zhamilton@example.org,+61853177761,Female,1958-10-31,Diazburgh,Western Australia,Australia,2908,Bronze,2023-10-15,True
C3CEBE12C,Amy,Flores,kentjennifer@example.org,(07)72298924,Female,1957-08-24,St. Stephanieberg,Tasmania,Australia,8405,Bronze,2023-10-24,True
CDEEBCD9C,Melissa,Myers,ocarlson@example.net,02 8065 5181,Female,1952-05-04,New Michael,Western Australia,Australia,6670,Silver,2024-05-13,True
C8545B775,Debbie,Page,eowens@example.com,(03).4448.8769,Female,1994-08-28,Port Eugenefurt,Tasmania,Australia,1948,Bronze,2025-09-10,True
CC411A800,Thomas,Lewis,christine34@example.net,07.7971.5553,Male,1954-05-29,Angelicachester,South Australia,Australia,6553,Bronze,2024-12-03,True
C97E87F96,Autumn,Williams,zferguson@example.net,02 7055 5511,Female,1992-09-01,Andradefurt,Victoria,Australia,8667,Bronze,2023-10-06,True
CCAF8C491,Amanda,Solis,alexandramedina@example.net,0488 661 034,Female,1960-08-25,New Elizabethburgh,Victoria,Australia,2684,Bronze,2021-11-16,True
C91609AD7,Cindy,Holmes,anthonydavis@example.org,(07)06343862,Female,1962-02-03,Hudsonport,Queensland,Australia,0865,Silver,2025-06-18,True
CA9902CBF,Anna,Dean,walkerjohn@example.net,0445-384-241,Female,2004-05-30,Lake Rhonda,Queensland,Australia,2684,Silver,2026-05-30,True
C6215693F,Melissa,Fleming,kelly74@example.com,+61.3.9695.9242,Female,2008-03-31,Lake Georgeberg,Western Australia,Australia,2941,Bronze,2022-01-28,True
C2E78997A,Bradley,Hickman,stanleyrobinson@example.net,(03) 4464 5134,Male,1947-03-20,South Samantha,Tasmania,Australia,2144,Gold,2024-06-01,True
C3920864D,Jordan,Taylor,morenojerome@example.org,(02).1747.5745,Female,1952-06-08,West Johnstad,New South Wales,Australia,2721,Silver,2025-09-21,True
C6C52A1A3,Regina,Griffin,johnsonjoel@example.net,+61 437 537 014,Female,1996-03-01,Kennethfort,Northern Territory,Australia,2918,Bronze,2025-09-24,True
CFCBC2B76,Scott,Rodgers,robert39@example.com,6806-7801,Male,1963-03-02,East Angela,Northern Territory,Australia,2619,Silver,2025-07-19,False
C8CB28B86,Donald,West,washingtonjoe@example.net,(07)-9228-0199,Male,1965-10-02,South Daniel,Australian Capital Territory,Australia,2665,Bronze,2026-04-30,True
CDE1730F7,Barry,Rodriguez,oprice@example.net,03-1211-3975,Male,1979-08-07,North Yolanda,Australian Capital Territory,Australia,2998,Silver,2022-07-03,True
C66CAF6A5,Daniel,Arnold,wilsonjennifer@example.org,(07) 2853 6156,Male,1976-08-15,Grahamfort,Western Australia,Australia,2978,Gold,2026-04-01,True
C3879082F,Michael,Rush,bboone@example.com,+61.463.879.408,Male,1958-06-02,West Michael,South Australia,Australia,2629,Bronze,2022-12-14,True
C14208885,Adam,Martinez,wmccarthy@example.net,03 8259 7030,Male,1977-12-29,North Sallyland,Western Australia,Australia,2348,Silver,2024-06-30,True
CFA07E723,Kevin,Campbell,parkererik@example.org,07-5856-7623,Male,1996-04-27,Williamberg,Queensland,Australia,2226,Bronze,2022-01-06,True
C39FD2ABE,Cameron,Mcguire,colin22@example.org,0409 826 243,Male,1977-06-06,Wallaceton,South Australia,Australia,2656,Bronze,2022-04-10,True
CB817D695,Alexis,Rodgers,laura36@example.com,0473-202-801,Female,1981-07-11,Sandersshire,Northern Territory,Australia,2918,Bronze,2021-10-05,True
C811EDE59,Matthew,Johnson,rickbrown@example.com,0405.110.782,Male,1967-03-24,St. Kathyberg,Tasmania,Australia,2686,Silver,2024-11-15,True
CA0D4339F,Kristy,Jackson,stanley74@example.org,26730152,Female,1994-01-20,Port Patriciastad,South Australia,Australia,1380,Bronze,2024-02-10,True
C334D18FE,Christine,Kelly,joshua15@example.com,0485.006.558,Female,1947-10-17,Bartontown,South Australia,Australia,2995,Gold,2022-07-27,True
C2815ACBF,Michael,Mora,ielliott@example.net,(08).5959.5519,Male,1985-03-29,Port Aliciaberg,New South Wales,Australia,2306,Bronze,2022-04-12,True
C8EF2E71D,Emma,Mendez,rachelhill@example.com,+61303233599,Female,1947-03-22,South Angelfurt,Victoria,Australia,2619,Gold,2023-10-14,True
C5D051F42,Megan,Arnold,vparks@example.com,7808.0922,Female,1957-05-15,Port Taylor,Tasmania,Australia,2581,Gold,2022-11-08,True
CEC512529,Linda,Baldwin,jonathangreen@example.org,3381.2227,Female,1981-12-18,East Joseph,Western Australia,Australia,1246,Bronze,2025-09-21,True
C66F03836,Thomas,Dunn,diana08@example.net,(03)-0131-9130,Male,1961-12-09,East Tara,Australian Capital Territory,Australia,0221,Bronze,2025-12-12,True
CCCC553E8,Samuel,Fields,brenda07@example.com,+61.400.874.539,Male,1998-01-27,New Brianna,Tasmania,Australia,2311,Bronze,2025-12-11,True
C82202426,Daniel,Knox,tjenkins@example.net,+61-449-222-292,Male,1949-07-19,New Bryceville,Queensland,Australia,2895,Bronze,2023-10-11,True
CA05407DF,Jeffrey,Thompson,robinsonchristopher@example.com,07 3402 1967,Male,1969-06-05,New Benjamin,Northern Territory,Australia,2071,Gold,2022-09-05,True
C0CD1AB34,Brian,Murray,juliemacias@example.net,+61.401.218.407,Male,1955-07-05,West Kevinfort,New South Wales,Australia,2829,Gold,2023-10-31,True
C295A2C06,Jennifer,Guzman,goodmanjonathan@example.org,+61 3 1519 6046,Female,1970-08-16,Joycemouth,Australian Capital Territory,Australia,2920,Silver,2024-11-20,True
CAB21B122,Chris,Lowe,carrietaylor@example.org,44506703,Male,1993-11-16,Benjaminshire,Australian Capital Territory,Australia,2610,Bronze,2023-03-07,True
C0E764C63,Christian,Schmitt,christophershannon@example.net,0214161994,Male,2005-05-13,Peterborough,Australian Capital Territory,Australia,2943,Bronze,2025-02-22,True
C052D03DF,Alicia,Buck,robertsonapril@example.net,2771 7559,Female,1997-08-19,Lewischester,Queensland,Australia,2883,Bronze,2024-06-16,True
C2E0F9291,Glenda,Turner,edward91@example.com,+61318348944,Female,1974-09-04,Lutzside,South Australia,Australia,8135,Bronze,2025-09-20,True
C63B04230,Heather,Lewis,travis63@example.org,+61.8.5934.2240,Female,1991-06-08,Andersonland,Tasmania,Australia,2942,Bronze,2021-08-17,True
C40933934,Linda,Brown,greensonia@example.org,(08) 9537 5686,Female,1994-01-25,Jeffreymouth,New South Wales,Australia,7391,Silver,2023-01-09,False
C34D37E26,Jessica,Young,arodriguez@example.org,+61 2 8355 8719,Female,1960-04-10,Youngburgh,Western Australia,Australia,2348,Silver,2025-02-25,True
CAE36973C,Tracey,Bryant,xwalsh@example.com,03-2922-5616,Female,1995-01-07,Bartonchester,Tasmania,Australia,2497,Bronze,2026-01-25,False
CDE0CEE1E,Nicholas,Lawson,scottangela@example.net,9487-2122,Male,1950-05-01,West Russell,Tasmania,Australia,2629,Silver,2022-11-14,True
C3654F797,Juan,Daugherty,andrewcasey@example.org,0469-701-692,Male,1967-06-03,West Madisonhaven,Northern Territory,Australia,3040,Silver,2024-09-21,True
C97874B0A,Daniel,Anderson,christinehood@example.org,8359-1512,Male,1948-05-27,Houstonborough,Queensland,Australia,2982,Bronze,2023-04-26,True
CCFF3249E,Andrew,Grant,annwilson@example.org,+61-411-651-487,Male,1988-08-17,Carlsonbury,Queensland,Australia,2907,Bronze,2025-04-07,True
C5D3CC3CF,Erica,Shannon,donna83@example.com,08-5445-9163,Female,1989-01-17,St. Andreastad,Northern Territory,Australia,2802,Gold,2026-08-10,True
CEADAB172,Eric,Morgan,brandon33@example.net,07-5280-7923,Male,1958-04-05,Stephenborough,New South Wales,Australia,2198,Bronze,2025-04-11,True
C5C5CC245,Sarah,Rubio,melinda18@example.net,8089 5576,Female,1952-12-14,New Katherine,Western Australia,Australia,5643,Silver,2022-03-28,True
C58FB9E74,Richard,Thomas,amandacarpenter@example.com,(02) 8767 2151,Male,1988-09-13,Newtonhaven,Victoria,Australia,2871,Bronze,2025-08-31,False
CEF66C2EA,Micheal,Savage,porteremily@example.org,02-1120-1673,Male,1981-10-28,Garciabury,Western Australia,Australia,2121,Bronze,2021-11-14,True
C75CE91B7,Joshua,Thomas,timothygray@example.com,+61 492 068 314,Male,1978-06-12,Port Karina,New South Wales,Australia,2626,Gold,2022-05-24,True
C8FB9813F,William,Wright,lawrence41@example.org,+61-8-6247-1189,Male,1974-01-18,Mccormickbury,Victoria,Australia,2984,Silver,2024-07-12,True
C95C01D46,Tara,Randall,nhensley@example.net,0457 339 818,Female,2005-01-03,Port Patrickview,Victoria,Australia,2684,Silver,2022-11-06,False
CA17AF041,Jay,Scott,millerbrent@example.com,7884-7726,Male,1989-05-31,Jamesport,Queensland,Australia,3716,Silver,2022-04-15,True
CE37DC2A9,Michele,Flowers,bethanyherring@example.com,6399 9924,Female,1970-07-20,Port Larryfurt,Australian Capital Territory,Australia,0845,Bronze,2023-03-04,True
CF62D5DAC,Shawn,Anderson,colewayne@example.org,0464 067 566,Male,1960-07-05,South Allenton,Queensland,Australia,3428,Silver,2023-11-17,True
CF3FD9634,Andrew,Green,sethdaniels@example.com,0435.873.466,Male,1979-05-07,North Scottmouth,Northern Territory,Australia,8177,Bronze,2024-04-04,True
C6B9FEF78,Monique,Murphy,jasonmercado@example.com,02.9482.9105,Female,1968-04-11,North Phyllisside,Queensland,Australia,2978,Silver,2021-08-18,True
C9DBD1673,Timothy,Pearson,margaretbuck@example.org,6410 6141,Male,1997-08-15,South Tylerhaven,New South Wales,Australia,2930,Bronze,2024-10-15,True
C4644BCD3,Lindsey,Howard,jason63@example.net,+61-3-4498-1351,Female,2003-07-16,North Juan,Western Australia,Australia,2939,Bronze,2025-08-30,True
C00968BB6,Denise,Perez,trevor98@example.net,0414-126-000,Female,1985-05-08,Lake Beth,Victoria,Australia,2925,Silver,2025-05-09,False
CF21CF909,Nicole,Mcdonald,carterchris@example.com,0431.093.162,Female,1988-02-05,Lake Jennifer,Australian Capital Territory,Australia,5888,Bronze,2025-05-25,True
C189646A4,Crystal,Ryan,kendra28@example.com,5359 8074,Female,1948-04-20,West Julie,Northern Territory,Australia,2986,Bronze,2025-07-16,False
CF60AB9B3,James,Woods,lisamullins@example.com,(02).5789.1068,Male,1972-02-10,Lake Carol,Australian Capital Territory,Australia,0858,Silver,2022-06-14,True
CB2ABA2F8,Justin,Hickman,watersdonna@example.org,02 6537 0198,Male,1984-04-06,Costashire,Australian Capital Territory,Australia,2943,Bronze,2025-12-05,True
C17C0520C,Michael,Moore,joshuahendricks@example.org,(02)-6166-2382,Male,1961-10-02,Wrightberg,Victoria,Australia,2684,Silver,2026-06-22,True
CE19FCF90,Noah,Harris,daniel50@example.org,0429 561 096,Male,1961-02-16,East Tammyview,Western Australia,Australia,2589,Silver,2026-02-10,True
C28436863,Anthony,Mccormick,ashleybaker@example.net,0461-473-929,Male,1960-05-21,West Justin,South Australia,Australia,2996,Silver,2022-07-15,True
CBCE7E1A9,Nicholas,Krueger,robert02@example.org,(08)-0138-7013,Male,1954-08-27,West Timothyfort,Queensland,Australia,2933,Bronze,2022-02-25,True
CBA92A2B7,Crystal,Smith,ahowell@example.net,(08) 6650 4237,Female,2002-08-16,South Lindsay,South Australia,Australia,2681,Bronze,2024-10-15,True
C37F4EDE1,Danielle,Smith,william73@example.com,7558 8832,Female,1965-02-12,Port Gregoryfurt,New South Wales,Australia,7444,Bronze,2022-01-01,True
C4E49D20F,Melissa,Rogers,ebriggs@example.org,03.2941.4332,Female,1953-05-24,Derekchester,New South Wales,Australia,2656,Bronze,2026-02-22,True
C8DB3F40E,Angela,Jones,burnettcasey@example.org,(03).4437.9995,Female,1981-05-05,South Tinashire,Northern Territory,Australia,3368,Silver,2022-12-20,True
CA758E3EA,Christopher,Thomas,qjames@example.org,+61-495-020-080,Male,1948-11-28,Port Kayla,Victoria,Australia,2643,Bronze,2024-11-03,True
C67251D31,Victoria,Rice,saunderstammy@example.net,0889688849,Female,1994-12-22,Lake Madisonside,New South Wales,Australia,2920,Bronze,2022-06-02,True
CF2B02425,Joseph,Young,cwalker@example.net,01697123,Male,2000-07-06,Mcdonaldfort,Tasmania,Australia,2987,Silver,2022-11-05,True
CCBE8C67C,Robert,Williamson,freed@example.org,(03) 8098 1177,Male,1950-04-02,Port Matthew,South Australia,Australia,1963,Gold,2025-05-11,True
C849639B1,Amy,Bowers,millertiffany@example.com,07 9626 1900,Female,1994-09-10,Petersfurt,Queensland,Australia,0869,Silver,2024-08-02,True
C14A5F77B,Heather,Carter,annadouglas@example.com,+61.420.249.665,Female,1949-12-31,South Travisfurt,Australian Capital Territory,Australia,2736,Bronze,2022-03-23,True
C50D7187A,Alexander,Thomas,ustephenson@example.org,+61 3 0432 4051,Male,1992-05-17,Castillochester,Victoria,Australia,2684,Bronze,2024-12-25,True
C7F6D4F82,Anita,Valdez,chapmanchris@example.net,0841968499,Female,1978-06-27,Timothyberg,New South Wales,Australia,8066,Gold,2023-11-19,False
C51956B72,Lindsay,Jackson,scottdunn@example.com,+61-2-3047-2660,Female,1985-06-20,East Ashleyborough,Western Australia,Australia,2290,Platinum,2025-03-26,True
C2B10BEA7,Megan,Figueroa,joshuabishop@example.com,(07)55310697,Female,1978-12-11,Kristinland,Western Australia,Australia,2977,Bronze,2026-05-02,True
C6C9F57B6,Thomas,House,benjamin31@example.net,0206356340,Male,1988-11-21,New Andrewhaven,Tasmania,Australia,2074,Platinum,2024-09-09,True
C6B9EB5BC,Daniel,Underwood,mitchellfloyd@example.com,(08).2866.9647,Male,1946-08-31,St. Anthonyshire,Tasmania,Australia,2987,Bronze,2023-11-24,True
C051A8B5E,Rebecca,Howard,angela15@example.org,+61.460.194.368,Female,1972-08-01,Robertmouth,Victoria,Australia,2619,Silver,2024-04-28,True
C03A10C26,Chad,Hancock,fhenderson@example.net,07-9614-0142,Male,1979-09-10,Teresafort,Western Australia,Australia,2935,Silver,2021-12-08,True
C7ECB1B46,April,Turner,reyesdavid@example.com,28364181,Female,1971-08-30,Tamarachester,Queensland,Australia,2976,Silver,2025-07-23,True
C96F58EEB,Ryan,Anthony,walkersabrina@example.com,1580.0621,Male,1976-06-13,Port Mirandaside,South Australia,Australia,2908,Bronze,2026-01-25,True
C7E8E1D78,Jose,Foster,april72@example.com,+61 490 610 982,Male,1946-01-10,Brownberg,Western Australia,Australia,2283,Bronze,2024-03-01,True
C69C5A8F6,Kathryn,Howard,dalvarez@example.com,(02).2187.2933,Female,1989-10-02,Patriciaton,Tasmania,Australia,2048,Bronze,2021-12-30,True
CD6A0F1DC,Shane,Banks,mariamay@example.net,+61 2 4092 0729,Male,1995-06-22,Doughertyside,Australian Capital Territory,Australia,3574,Bronze,2023-03-06,True
C587FA9AF,Benjamin,Rasmussen,warrenlaurie@example.net,+61-478-141-507,Male,1987-12-26,Vincentville,New South Wales,Australia,2967,Bronze,2024-06-17,True
CBEEB4D8D,Michael,Carson,dodsondiane@example.net,73413253,Male,1981-05-24,Robinsonview,Victoria,Australia,7966,Silver,2022-06-06,False
C322E60BF,Martha,Gonzalez,jenniferstuart@example.net,+61-7-0369-1680,Female,1994-03-29,Port Ryanmouth,Victoria,Australia,0874,Bronze,2026-07-07,True
C1489F6D9,Jeffrey,Wilson,sandra34@example.com,(02) 0818 3269,Male,2002-03-08,North Andrea,New South Wales,Australia,2908,Bronze,2025-09-09,True
CBA9DDE73,Alicia,Harris,edwardssamantha@example.com,1422-5427,Female,1957-09-17,New Shelby,Tasmania,Australia,2640,Bronze,2022-12-10,True
C6B432050,Jasmine,Johnson,thomasvargas@example.net,08-2158-0115,Female,1993-06-29,Shaunborough,Australian Capital Territory,Australia,2568,Bronze,2023-10-20,True
C85623673,Terry,Miller,samanthaspencer@example.org,33342470,Female,2006-11-30,Michaelport,Australian Capital Territory,Australia,2990,Silver,2026-02-17,True
C4D1DF02E,Theodore,Gilbert,zhenry@example.net,0453-538-906,Male,1988-06-01,Lake Virginia,South Australia,Australia,0207,Bronze,2023-06-03,True
C2879EE44,Terri,Green,bernardangel@example.com,0864126847,Female,1991-04-19,Jasonburgh,Australian Capital Territory,Australia,2620,Bronze,2024-01-24,True
C2A39B839,Christopher,Cain,ambervelasquez@example.org,5228 2967,Male,1988-07-06,West Garrett,Australian Capital Territory,Australia,2633,Bronze,2022-10-02,True
CB9F66013,Brandon,Brown,powersbrenda@example.net,0489.414.907,Male,1947-02-21,Reyeschester,Queensland,Australia,2673,Silver,2021-08-11,True
CC4070447,Jesus,Lee,ydavid@example.net,(07)-9093-5131,Male,1974-06-29,North Susanberg,Tasmania,Australia,2962,Bronze,2023-03-08,True
C03757B92,Christopher,Campbell,andrewevans@example.org,+61.477.020.977,Male,2007-02-01,Grosstown,Australian Capital Territory,Australia,2693,Bronze,2025-05-06,True
CC5452A34,Morgan,Hall,karinariley@example.org,0494 604 707,Female,1999-03-19,Port Cindy,Victoria,Australia,3989,Bronze,2025-07-26,True
CC50AE460,James,Adams,westtheodore@example.org,1185.4232,Male,1998-01-10,West Albertburgh,Australian Capital Territory,Australia,2659,Gold,2024-03-20,True
CDF405EF0,Lindsay,Rivas,john02@example.com,+61.8.2222.6634,Female,1965-08-17,Newmanstad,Australian Capital Territory,Australia,2059,Bronze,2025-06-21,True
CB03334B5,Aaron,Hogan,kathleen77@example.com,(08)-3751-1132,Male,1978-06-09,South Johnmouth,South Australia,Australia,2926,Silver,2024-12-17,False
C97E54650,Connor,English,edwardbrennan@example.net,0290712066,Male,1973-04-03,Williamsfort,Northern Territory,Australia,2696,Silver,2026-03-26,True
CB397BC0C,Paula,Harris,randolphjonathan@example.com,6408.0599,Female,1968-04-09,East Leslie,South Australia,Australia,2920,Bronze,2024-11-27,True
C5FCFD355,Jeremy,Collins,leslieboyer@example.org,9439 5624,Male,1991-02-05,Powellville,Tasmania,Australia,8441,Bronze,2025-07-23,True
C7F9793A5,Jennifer,Smith,william30@example.net,+61.484.362.001,Female,1959-11-17,Myershaven,Queensland,Australia,2973,Platinum,2025-10-13,True
CA2683B29,Douglas,Cruz,martinmckenzie@example.org,+61807909492,Male,1952-09-29,Clarkshire,Victoria,Australia,2996,Silver,2025-03-09,True
C0D63DCF6,Kimberly,Woods,wwalter@example.org,7805.0292,Female,1984-01-05,Graystad,Tasmania,Australia,2977,Bronze,2024-05-09,True
C6D242CC9,Amy,Brown,danielskatherine@example.com,(02)-6436-6723,Female,1963-07-28,Gabrielfurt,Tasmania,Australia,2275,Silver,2026-01-23,False
CFDD16DDD,Sabrina,Ward,ellendoyle@example.net,(02)-6573-8193,Female,1973-01-31,Marieport,Australian Capital Territory,Australia,2226,Bronze,2021-12-05,True
C868F4984,John,Leonard,uweaver@example.org,(07)54184000,Male,1951-11-01,St. Amberport,Tasmania,Australia,0887,Bronze,2023-07-03,False
CCE02B9AB,Melissa,Dunn,karlparsons@example.org,0887981790,Female,1953-04-05,West Brian,Northern Territory,Australia,2995,Bronze,2024-01-08,True
C7BFD101A,Gina,Reed,nancy59@example.com,0408 996 060,Female,1962-08-25,Markmouth,Western Australia,Australia,2985,Platinum,2022-11-25,True
CD34EE598,Michael,Daniels,jthomas@example.com,9756 5709,Male,2003-11-25,Hamiltonton,Victoria,Australia,2673,Bronze,2022-12-03,False
C575AB848,William,Alvarez,jillian83@example.net,(02).9712.1186,Male,2006-09-09,Williamsview,Victoria,Australia,2647,Gold,2022-12-25,True
C865560AB,Kathryn,Castillo,garylopez@example.com,0477-553-801,Female,1966-04-23,South Kathleenside,Northern Territory,Australia,2664,Platinum,2025-11-17,True
C498A728C,Michael,Lee,laura20@example.com,+61-7-6781-4868,Male,1989-09-15,Johnsonshire,Victoria,Australia,0809,Silver,2023-04-08,True
C58A9F44C,Mario,Dorsey,pyang@example.net,(02)-6456-3745,Male,2004-03-25,West Thomasbury,Northern Territory,Australia,2988,Silver,2022-10-07,True
C5E71A057,Eric,Williams,osolis@example.org,+61 485 036 185,Male,2000-01-16,South Ernesttown,South Australia,Australia,2997,Bronze,2025-12-30,True
CE7248238,Timothy,Taylor,xdunn@example.org,0440.007.906,Male,1947-04-28,South Brian,Northern Territory,Australia,2657,Silver,2025-07-04,True
C8E7D9356,Denise,Newman,michael43@example.org,0453-250-945,Female,1964-11-24,Jenniferland,Victoria,Australia,2976,Bronze,2024-12-27,True
C4C8726F9,Oscar,King,jamesjames@example.org,+61 2 0633 0981,Male,1980-12-08,New Alexandra,Northern Territory,Australia,2904,Silver,2023-05-17,True
C9400CA65,Zachary,Williams,brianromero@example.org,(03)-9705-3781,Male,2003-09-22,Gillespiehaven,Western Australia,Australia,0802,Silver,2024-09-23,True
CF3B0A8ED,Kristen,Williams,chadjones@example.org,0474-029-649,Female,1957-06-24,Brianhaven,Queensland,Australia,1004,Silver,2025-04-15,True
CA0BCAEF6,Jared,Moore,olarson@example.com,+61-498-304-121,Male,1959-01-28,Coleville,Australian Capital Territory,Australia,0226,Bronze,2025-03-04,True
C40DDCFEF,Andrew,Williams,jeremy36@example.net,+61.2.7948.1360,Male,1973-07-15,St. Jeffrey,South Australia,Australia,5785,Silver,2025-08-15,True
C3584CA49,Robert,Walker,robert48@example.com,2467 5736,Male,1953-05-06,Turnerside,South Australia,Australia,2805,Bronze,2024-05-15,True
CB295B189,Jason,Lara,vanessacochran@example.org,02-5141-3116,Male,2001-02-17,South Melanie,Northern Territory,Australia,2618,Bronze,2022-03-09,True
C29ACC9E4,Edgar,Velez,reedfelicia@example.com,+61 471 452 839,Male,1983-01-25,Lake Annetteside,Victoria,Australia,2629,Bronze,2023-12-16,True
C370ABD73,Vanessa,Reed,josephperry@example.net,+61-469-683-644,Female,1975-11-13,Jacksonside,Australian Capital Territory,Australia,9349,Bronze,2026-03-18,True
CF7187E7F,Christopher,Sherman,nconley@example.org,5277 1276,Male,1984-11-25,Dylanport,Australian Capital Territory,Australia,3317,Bronze,2026-03-08,True
C98836C15,Michael,Castro,erose@example.com,+61 499 698 035,Male,1983-11-17,Laneton,Tasmania,Australia,2810,Bronze,2024-09-10,True
CE05A0E56,Jennifer,Harris,murphyalexa@example.org,0441.823.392,Female,1953-06-12,Markshaven,Northern Territory,Australia,2922,Bronze,2022-04-30,True
C0C2EA612,Ryan,Anderson,matthewmoss@example.net,+61269965638,Male,1982-11-03,Michelleport,Western Australia,Australia,2693,Silver,2024-06-29,True
C357273E2,Joel,Richardson,coffeyangela@example.org,+61.3.9958.1029,Male,1991-10-28,Letown,New South Wales,Australia,2608,Bronze,2026-06-04,True
C49EDA2A2,Michelle,Bates,jbender@example.org,+61719651591,Female,1949-03-18,Traviston,Australian Capital Territory,Australia,2676,Silver,2022-02-09,True
CAE445FE8,Jordan,Larsen,robertwalters@example.com,+61-433-017-830,Male,1957-03-23,Josephmouth,Victoria,Australia,2619,Silver,2025-12-13,False
C75F7D2FD,Jennifer,Cardenas,robert44@example.com,(08) 3223 0763,Female,2003-03-06,South Juliafurt,South Australia,Australia,5856,Bronze,2023-04-12,True
C6F8CD2E6,Nicole,Chen,pcox@example.net,46472660,Female,1999-03-08,Danielbury,Northern Territory,Australia,2975,Bronze,2025-04-19,True
CFBB4457D,William,Jones,ambershaw@example.com,8781.4577,Male,1947-07-13,Ruthtown,New South Wales,Australia,2853,Bronze,2024-05-09,True
CB171167A,Elizabeth,Jenkins,fjohnson@example.org,02-5954-9363,Female,2003-03-26,North Mistybury,Victoria,Australia,2079,Bronze,2026-05-12,True
C8E6F711E,Beth,Blake,markmartin@example.com,(07)93324057,Female,1965-07-16,Staceyview,Victoria,Australia,8824,Silver,2024-10-31,True
CCEEE8980,Isabella,Parsons,nduffy@example.net,+61.2.1879.4863,Female,1997-02-07,Lake Robert,Australian Capital Territory,Australia,3735,Bronze,2023-03-10,True
CDB8BA722,Alicia,Reyes,lozanoricky@example.net,+61 484 164 768,Female,1962-08-31,Lake Michellefort,Queensland,Australia,2920,Silver,2026-07-26,False
CA8C3E05E,Jeanette,Rivera,bennettbrian@example.org,07 4077 3676,Female,2006-09-09,South Rogerland,New South Wales,Australia,8145,Bronze,2024-11-01,True
C5ECED2BD,Duane,Smith,rkelley@example.org,+61.410.133.998,Male,2003-06-07,Russellfurt,Tasmania,Australia,2637,Bronze,2022-08-06,True
C31216688,Brian,Wagner,erik17@example.net,+61838537256,Male,1993-03-06,West Calvinmouth,New South Wales,Australia,2698,Bronze,2025-03-16,True
C6A0911C1,Alexander,Baldwin,bennetttyler@example.org,5543-4057,Male,1981-02-11,Mcgeeland,Victoria,Australia,2308,Bronze,2024-10-21,True
C9837E108,Jason,Carson,brian44@example.org,+61.484.621.047,Male,1986-11-04,East David,Australian Capital Territory,Australia,6532,Gold,2025-04-26,True
C2A5E4F91,Michael,Flowers,kayla29@example.net,03.3512.9024,Male,1981-03-03,Coxfort,Australian Capital Territory,Australia,2680,Bronze,2023-09-19,True
C900A6C3D,Michael,Norton,elizabeth75@example.com,+61-472-421-628,Male,2001-07-29,New Julie,Western Australia,Australia,2942,Bronze,2023-08-10,True
C91D28854,Michelle,Ayala,justinroberts@example.com,07.5138.2395,Female,2007-03-30,South Ryanville,Australian Capital Territory,Australia,6392,Bronze,2026-06-12,True
C65382A93,Daniel,Jones,orraustin@example.org,(08).6012.2309,Male,1971-03-15,Jacksonside,Queensland,Australia,2484,Platinum,2021-10-05,True
C186B60D1,Calvin,Tran,kylebrooks@example.com,0412 125 128,Male,1948-09-26,Katieshire,Tasmania,Australia,2919,Silver,2021-12-12,True
C84C475B9,Brian,Swanson,jenna69@example.com,+61 455 762 072,Male,1976-05-04,Port Emilystad,New South Wales,Australia,1547,Bronze,2025-06-09,True
C5781D460,Jessica,Williams,jason95@example.com,+61-412-552-605,Female,1951-12-22,South Bianca,Western Australia,Australia,2540,Gold,2022-10-02,True
CEF05ADF5,Shawn,Williams,eric76@example.net,0400 223 498,Male,1952-07-10,Downshaven,New South Wales,Australia,2932,Silver,2022-01-14,True
C34408966,Kathryn,Brown,amanda55@example.com,0269554028,Female,2002-12-24,Kyleberg,Australian Capital Territory,Australia,6107,Bronze,2025-12-20,True
C48E3966D,Justin,Turner,cathy58@example.com,9309.2271,Male,1948-05-11,Jessicaburgh,Tasmania,Australia,2989,Gold,2026-03-25,True
CD881953B,Bradley,Navarro,nicholas27@example.com,6412-7380,Male,2000-10-02,North Micheleview,New South Wales,Australia,2657,Bronze,2022-02-04,True
C45C94DEA,Jason,Gross,jacksonjessica@example.net,03.7409.5291,Male,1969-05-09,Lake Jordanport,Victoria,Australia,2951,Bronze,2023-11-16,False
C47B4D919,Charles,Chambers,tlee@example.net,5203.2299,Male,2003-05-10,Amandaville,South Australia,Australia,2632,Bronze,2026-02-08,True
C7A8D3FF9,Jesse,Peters,dcole@example.com,(03)03064046,Male,1947-12-23,Barajasbury,Tasmania,Australia,2920,Bronze,2024-07-27,False
C2A1EB1FC,Brett,Barker,daniellekelley@example.net,+61 401 022 425,Male,1956-01-23,Butlerport,Queensland,Australia,5506,Bronze,2024-06-09,True
CDBE2FF16,David,Berg,timothywalker@example.net,+61277494584,Male,1946-11-23,Thomasbury,Western Australia,Australia,2358,Gold,2025-05-27,True
CC144E6A5,Michelle,Watson,curtisevans@example.net,+61.484.554.650,Female,1993-10-10,New Tracy,New South Wales,Australia,3148,Gold,2022-06-21,True
C55624777,Austin,Smith,jeremiahmontgomery@example.com,2212.5760,Male,1951-06-08,South Maria,Queensland,Australia,6751,Silver,2022-01-17,True
CCF986665,Ronald,Wallace,gburton@example.org,+61.427.603.774,Male,1961-05-17,South Javier,Victoria,Australia,2652,Silver,2026-04-21,True
C09C8E01B,Elizabeth,Carroll,brian44@example.com,(08).9641.2152,Female,1969-08-12,Pittmanburgh,Victoria,Australia,2323,Bronze,2022-07-18,False
C459CC919,Ashley,Taylor,burkejulia@example.com,03-9026-8559,Female,1991-03-05,West Heatherstad,Queensland,Australia,2674,Bronze,2023-05-27,True
C31EABE3D,Robert,Dalton,tylernelson@example.org,03-0551-9997,Male,1981-05-31,East Randallview,Queensland,Australia,2655,Silver,2023-09-28,True
C91D2C36B,Kimberly,Pierce,dianahamilton@example.com,+61-426-509-003,Female,1989-02-16,Ericport,South Australia,Australia,2613,Silver,2025-11-05,True
C30A1EF0A,Maria,Carter,james63@example.org,0497 845 149,Female,1973-03-27,Josephchester,South Australia,Australia,2942,Bronze,2022-09-27,True
C64EFF74E,Ian,Owens,brent01@example.com,0463 115 734,Male,1957-02-04,Gonzalezfurt,Victoria,Australia,2644,Silver,2022-02-10,True
CB6324C55,James,Ritter,stokesrandy@example.net,71696896,Male,1953-12-27,St. Christine,Northern Territory,Australia,2927,Bronze,2024-04-16,True
CCCC60AA8,William,Martin,andrewpage@example.org,+61208228171,Male,1990-12-14,Lake Christopherburgh,Queensland,Australia,2920,Bronze,2024-10-20,True
C77E17DC4,Brittany,Meyer,fhooper@example.net,(03) 2183 1983,Female,1972-09-26,North Renee,Northern Territory,Australia,2726,Bronze,2025-10-26,True
CC1C7A533,Christine,Allen,williecollins@example.com,+61-2-4333-9038,Female,1976-12-11,South Thomasmouth,Northern Territory,Australia,0811,Gold,2026-04-25,True
C9AF04169,Amy,Gross,jonestroy@example.net,0430-927-494,Female,1956-10-06,East Christopherborough,Australian Capital Territory,Australia,2622,Silver,2024-10-13,True
CAB0BA768,Donald,Harris,jordanricky@example.com,02-0468-3661,Male,1993-05-26,Reneeberg,Queensland,Australia,2901,Silver,2021-11-16,True
C3657D43A,Karen,Sutton,christineclark@example.net,(02) 1776 9803,Female,1959-07-12,North Samuelview,New South Wales,Australia,0813,Bronze,2023-03-07,True
C614C20D6,William,Williamson,adamsteresa@example.net,9938-1481,Male,1993-08-29,Lake Lisamouth,New South Wales,Australia,1453,Platinum,2024-05-19,False
C86CFCC5F,Brittany,Jordan,whitetanya@example.com,+61-2-1409-0729,Female,2007-11-26,Huangburgh,Queensland,Australia,3889,Silver,2022-10-22,True
CDA3DCD58,Jimmy,Nichols,schmidtlaura@example.org,+61244563567,Male,1969-10-06,Mcleanchester,Western Australia,Australia,2622,Bronze,2022-04-12,True
C7A6C77A6,Kenneth,Wolf,michael36@example.net,(07)21747794,Male,2000-05-30,New Cynthia,Northern Territory,Australia,2948,Bronze,2024-04-08,True
CEC0BC54C,David,Hays,kevin21@example.net,(08).8525.5318,Male,1959-11-07,Petersenborough,Tasmania,Australia,6196,Silver,2022-04-01,True
C3AEBF180,Joyce,Roberson,ozavala@example.net,0875570797,Female,1996-12-13,Lisachester,New South Wales,Australia,9909,Silver,2023-05-17,True
CD0606BAF,Natasha,Acosta,scott99@example.org,0429-133-660,Female,1945-12-11,Billytown,Queensland,Australia,2618,Silver,2024-09-08,True
CD8C86F86,Tammy,Mccann,jeremiahcarter@example.net,03.8300.5790,Female,1972-10-22,Lake Dylan,Victoria,Australia,2415,Bronze,2025-02-27,True
CB71FEA09,Gary,Wood,dmarsh@example.com,(08) 4949 8626,Male,1955-03-29,South Michaelton,Australian Capital Territory,Australia,2950,Bronze,2023-12-27,True
C058DFC5E,Bethany,Stevenson,weberjamie@example.org,+61 3 5262 7767,Female,2002-12-01,Estradaville,Queensland,Australia,2618,Bronze,2026-01-02,False
CC6DE2432,Noah,Lopez,shawna91@example.net,+61.443.825.038,Male,1975-09-01,Lopezstad,Tasmania,Australia,0969,Platinum,2025-10-22,True
C5BDFF52B,Christopher,Wyatt,robertahardy@example.com,+61.470.245.190,Male,1992-01-29,Kennedyburgh,Northern Territory,Australia,2118,Bronze,2021-11-05,True
C6AD80658,Andrea,Thomas,hernandezmichael@example.org,+61 2 4453 6513,Female,1990-02-04,St. Arthurstad,Queensland,Australia,2619,Bronze,2024-09-19,True
C2798DC62,Patrick,Tucker,connoraguirre@example.com,0278749932,Male,1970-12-04,Curtisberg,Western Australia,Australia,2659,Bronze,2022-12-13,True
CDFA5B736,Joshua,Stone,devin65@example.net,0744280568,Male,2003-08-18,Tammychester,Western Australia,Australia,2926,Bronze,2024-03-21,True
C3E667459,Travis,Spencer,maynicholas@example.net,9556 8274,Male,1985-07-14,South David,Northern Territory,Australia,9700,Bronze,2026-01-01,False
C6EC64BE6,Brittany,Miller,hurstjoseph@example.com,0404-071-868,Female,1972-12-18,Lewisstad,Western Australia,Australia,2691,Platinum,2022-09-15,True
C31B5E24F,Michael,Johnson,dsuarez@example.net,0497.225.300,Male,1996-02-28,New Crystalborough,Queensland,Australia,2967,Bronze,2023-07-19,False
C1B0014A7,Courtney,Campbell,luis98@example.net,+61323144088,Female,1963-09-05,Bethfurt,Victoria,Australia,2136,Silver,2026-04-06,True
C9ABB48A8,Amanda,Cruz,clayton51@example.org,0494 695 299,Female,1962-01-13,West Lisa,Northern Territory,Australia,2642,Silver,2022-10-14,True
C06B34EB5,Alexander,Shaffer,campbelldawn@example.org,0403.242.878,Male,1971-01-15,St. Michaelport,Australian Capital Territory,Australia,2635,Bronze,2022-01-28,True
C18FDEBA9,Ruth,Arias,lawsonjay@example.net,+61.2.1907.2101,Female,1949-04-29,Johnsonfurt,Queensland,Australia,2619,Platinum,2024-12-02,True
C66BF4A98,Cassie,Patel,laurawilliams@example.com,0204790250,Female,1951-09-17,Katherineport,Northern Territory,Australia,2688,Bronze,2022-12-01,False
CD4DB1B41,Angel,Weaver,michael78@example.com,(07)-9181-3899,Male,1948-01-18,Moorebury,Tasmania,Australia,9513,Silver,2024-09-20,True
C9B486C19,Marissa,Hernandez,browntracey@example.net,+61-406-427-938,Female,1970-07-26,North David,Australian Capital Territory,Australia,2667,Bronze,2023-11-17,True
C321322BC,Natasha,Kim,bwagner@example.net,40233173,Female,1986-12-13,St. Sherylbury,South Australia,Australia,2935,Bronze,2022-04-21,True
CA78A7F41,Ronnie,Hansen,pattersoncassandra@example.org,99997320,Male,2005-02-12,East Alexisport,New South Wales,Australia,8489,Silver,2024-03-30,False
CDB531D6E,Clayton,Townsend,ryan41@example.net,08 6728 9529,Male,1974-02-25,Port Elizabethhaven,Queensland,Australia,2920,Bronze,2022-10-25,True
C39ADFE2B,Adam,Dorsey,deborah12@example.com,07.1393.2236,Male,1970-08-24,New Kristin,Tasmania,Australia,0862,Platinum,2022-11-01,True
C8AD2AA88,Jeffrey,Robles,elizabeth19@example.org,0430.021.142,Male,2002-05-11,East Carolshire,Victoria,Australia,2946,Bronze,2024-04-16,True
C4054B1C0,Zachary,Wiley,melinda09@example.com,(02)36846399,Male,1992-04-27,Floresstad,Northern Territory,Australia,2626,Bronze,2024-11-14,True
C5CD936A0,Justin,Fisher,austin12@example.com,+61-422-935-121,Male,1991-03-26,Rebeccachester,Queensland,Australia,2040,Bronze,2024-08-09,True
C6FAC9453,Jennifer,Martinez,kellygonzalez@example.com,5269.4834,Female,2004-08-05,Aaronchester,Queensland,Australia,2608,Silver,2026-04-20,False
C34D86D6D,Brent,Hernandez,erin24@example.com,(08)-5572-8355,Male,2000-05-15,Ericaville,Australian Capital Territory,Australia,2619,Bronze,2023-09-01,True
CECC6BB96,Brandon,Mcknight,delgadogregory@example.com,0306873632,Male,1980-04-08,St. Amymouth,New South Wales,Australia,2292,Silver,2023-10-26,True
C6FE14C9D,Matthew,Obrien,aaron81@example.com,+61 3 3918 7128,Male,1960-12-11,Ashleymouth,Northern Territory,Australia,2980,Silver,2023-08-26,True
C89DBB155,Jennifer,Levine,vmccann@example.com,55971844,Female,1956-04-09,Joshuaton,Western Australia,Australia,2999,Bronze,2022-04-09,True
C23B723FC,Alejandro,Macias,daniellewilliams@example.net,+61 412 769 723,Male,1949-11-19,Rojasview,South Australia,Australia,2640,Bronze,2023-12-27,True
C464C4A74,Sara,Peterson,samantha97@example.net,08-5240-3636,Female,1993-06-06,Schroederland,Western Australia,Australia,2652,Silver,2022-09-21,True
C0B83191D,Amanda,Scott,brayrenee@example.com,03.6509.8557,Female,1970-06-21,South Timothymouth,Tasmania,Australia,2983,Bronze,2023-09-21,True
CFC75BE88,Emily,Ortega,bwade@example.net,+61-3-0410-2078,Female,1994-01-10,St. Donnamouth,Northern Territory,Australia,2609,Bronze,2024-12-04,True
C59C1E36C,Kyle,Hughes,zharvey@example.com,0448 117 086,Male,1964-06-10,New Matthew,New South Wales,Australia,2756,Silver,2025-01-27,True
CD8CE637B,Curtis,Brock,jamesobrien@example.net,5782 3888,Male,1969-05-04,Hurleymouth,Tasmania,Australia,4362,Bronze,2022-06-09,True
C51E83881,Timothy,Sweeney,qbaldwin@example.com,(03)-2554-7837,Male,1957-05-13,Sandraland,South Australia,Australia,2982,Silver,2022-05-27,True
C91D2227A,Eric,Snyder,ncain@example.net,+61 453 526 886,Male,1954-05-13,Wrightville,Victoria,Australia,2300,Bronze,2025-03-03,True
C69CBB5B1,Robert,Thornton,linvalerie@example.com,(02).5081.5228,Male,1995-05-10,Lake Yeseniachester,New South Wales,Australia,2988,Bronze,2025-04-19,True
CFE9D244E,John,Reyes,rtodd@example.org,(03).9124.6187,Male,1979-09-30,Bartlettborough,New South Wales,Australia,2656,Bronze,2026-08-02,True
C87EA9818,Dean,Newman,gwilliams@example.net,(02) 4381 0593,Male,1951-09-24,St. Rachel,South Australia,Australia,2698,Bronze,2023-11-18,True
C96F79106,David,Ramos,sking@example.com,(02)11747754,Male,1972-12-12,St. Donald,New South Wales,Australia,2920,Bronze,2025-07-14,True
C60DB68BE,Donna,Mendez,mkline@example.org,+61-8-0334-7821,Female,1959-05-06,Lake Joseburgh,Northern Territory,Australia,2663,Bronze,2025-10-23,True
CEBC577CA,James,Montes,fwells@example.net,+61-7-2249-1580,Male,2007-03-26,Port Jesse,Western Australia,Australia,2957,Bronze,2026-03-19,True
CAF07208A,Valerie,Clark,douglasrichards@example.org,(07)-5045-6295,Female,2006-03-04,Wileytown,South Australia,Australia,2244,Bronze,2023-10-21,True
CB22F2A64,Mindy,Reyes,david55@example.com,+61.8.2020.7074,Female,1957-04-07,East Duaneborough,Western Australia,Australia,2920,Bronze,2024-09-10,True
C777E171F,Phillip,Juarez,millsdaniel@example.org,(08) 4467 4433,Male,1976-07-23,North Stephen,South Australia,Australia,4833,Silver,2022-05-18,True
C566DD40A,Jason,Price,andrewevans@example.com,0475-869-095,Male,2000-08-05,New Jameschester,Victoria,Australia,2696,Bronze,2023-03-22,True
C4FAC2115,Stacie,Andrade,hessjames@example.com,+61-489-692-392,Female,1967-03-06,Wyattshire,Northern Territory,Australia,2958,Bronze,2025-11-29,False
C89DD9E20,Lori,Brennan,xwall@example.net,0466 512 813,Female,1986-05-21,Valentinebury,Tasmania,Australia,2681,Bronze,2026-03-02,True
C93A17F1D,Katie,Wilcox,cantutammy@example.org,08 1716 5857,Female,2004-08-10,Coleborough,Australian Capital Territory,Australia,2923,Silver,2022-02-10,True
C4D9161C1,Veronica,Smith,moonisaac@example.net,2749 8612,Female,1993-04-18,East Ericfurt,New South Wales,Australia,2648,Bronze,2024-07-21,True
CA91FC8A3,Michael,Fischer,elynch@example.com,02.2626.4068,Male,1992-04-20,Abbottchester,Tasmania,Australia,0244,Bronze,2026-03-23,True
CA01770F7,Richard,Martin,eric43@example.com,+61-471-600-154,Male,1960-10-23,Rachelfort,Northern Territory,Australia,2991,Bronze,2025-04-24,True
C85122A30,Stephanie,Johnston,matthewwilliamson@example.net,+61.423.915.455,Female,2008-02-24,Herberthaven,Victoria,Australia,2067,Bronze,2025-11-05,True
CE1615A49,Melissa,Cortez,hmeyer@example.net,(08)-7600-6903,Female,1989-10-23,Swansonview,Tasmania,Australia,0202,Bronze,2022-09-05,True
CD39FCE49,Melissa,Snyder,ashley77@example.com,(02)28358684,Female,1958-06-23,Lake Amy,Western Australia,Australia,0903,Silver,2021-08-28,False
CD7366C66,Sean,Morales,matthew99@example.net,(07)-2742-4219,Male,1993-12-19,East Jeremyburgh,Victoria,Australia,2620,Silver,2022-10-20,False
C6A69963C,Sandra,Peterson,rogerssierra@example.org,0447-813-859,Female,1963-02-04,Gentryview,New South Wales,Australia,2946,Bronze,2025-02-12,True
C06226D63,Diamond,Allen,juliegilbert@example.com,+61.7.3828.7052,Female,1972-02-10,South Codyberg,New South Wales,Australia,2930,Bronze,2023-08-28,True
C534DD938,Ashley,Weber,lauren01@example.com,07 1290 8463,Female,1976-05-04,West Marc,Victoria,Australia,2679,Bronze,2024-12-10,True
C92FD754B,Hayley,Craig,marie37@example.com,+61753752622,Female,1988-08-30,Zacharyhaven,Tasmania,Australia,5440,Bronze,2025-08-29,True
C031B4F5D,Jessica,Jones,fevans@example.org,0412 467 792,Female,1955-10-17,Hammondland,South Australia,Australia,9835,Bronze,2024-08-14,True
CBEF5B1EB,Sarah,Oliver,cstafford@example.com,07 5492 1475,Female,1980-08-14,North William,Western Australia,Australia,2673,Silver,2025-08-28,True
C4CB30D50,Anthony,Shields,christophertaylor@example.org,+61.454.911.678,Male,1996-06-24,Johnfort,Australian Capital Territory,Australia,2652,Silver,2021-12-09,False
C902E491E,Laurie,Allen,sanchezsara@example.net,+61817109830,Female,1999-08-10,Deborahport,Tasmania,Australia,2627,Silver,2022-10-18,True
CA273E171,James,Mills,wlopez@example.net,+61-8-4954-9742,Male,1988-06-19,Port Lauramouth,Australian Capital Territory,Australia,2998,Gold,2023-11-04,False
C948FD302,Christina,Clark,donald63@example.org,+61203658808,Female,1961-08-06,Port Tammy,Northern Territory,Australia,1171,Bronze,2022-12-06,True
C24CF0D6E,Dustin,Bush,fanderson@example.net,(03) 5572 7237,Male,2004-03-30,New Audreybury,South Australia,Australia,2619,Silver,2024-09-02,False
C5CBEBD5C,Antonio,Griffin,douglasgarza@example.com,+61-417-812-554,Male,1999-06-02,Knoxville,Victoria,Australia,2604,Bronze,2025-10-24,True
C4E6EC9F2,Christopher,Winters,christopher16@example.net,(08).1447.9609,Male,1996-04-26,North Daniel,New South Wales,Australia,6064,Bronze,2026-04-03,True
C7FFE9567,Dawn,Martin,dakotavasquez@example.org,03 0347 5740,Female,1969-08-11,Claytonfurt,Australian Capital Territory,Australia,6581,Gold,2022-04-01,True
C2429C06A,Kathryn,King,xbrown@example.org,3325-5644,Female,1975-03-08,Jenningsberg,Queensland,Australia,2914,Bronze,2023-09-26,True
C09966B71,David,Wells,bsherman@example.org,0275976757,Male,1961-07-10,Bennettmouth,Victoria,Australia,8553,Bronze,2023-08-17,False
C4EF947CB,Cynthia,Martin,travisallen@example.net,12837168,Female,2000-07-16,South Matthewside,Queensland,Australia,0296,Bronze,2025-09-10,True
C852AE1AE,Terry,Winters,sara70@example.net,+61 448 386 899,Female,1958-08-19,Graymouth,Northern Territory,Australia,2237,Silver,2024-06-06,True
C89C91D32,Autumn,Washington,maldonadoelizabeth@example.net,1513.9534,Female,1953-01-19,Wallacestad,Australian Capital Territory,Australia,2920,Silver,2024-06-08,True
C0BEC2252,Ryan,Cole,nwhite@example.org,1687 5873,Male,1989-07-30,Waltersland,New South Wales,Australia,2948,Bronze,2024-01-31,True
CE6CB4C2F,Michelle,Wall,cindy39@example.org,+61 421 869 798,Female,2008-02-04,Ryanport,Victoria,Australia,2636,Bronze,2024-07-17,True
C8931E920,Mark,Cline,spencerrose@example.org,+61.7.6968.2789,Male,1955-12-11,Lake Jennifer,South Australia,Australia,0810,Silver,2025-05-02,False
C98B9FD0E,Daniel,Skinner,christopherhall@example.com,3347-6513,Male,1968-03-22,West Ariel,South Australia,Australia,2650,Bronze,2024-01-16,False
C4A7E242B,George,Garrison,thomasshaun@example.org,03.2443.2089,Male,1964-09-28,Christophermouth,Australian Capital Territory,Australia,2601,Silver,2022-09-29,False
CAE0E3012,Alyssa,Bennett,ashleyhernandez@example.net,+61 8 5856 1539,Female,1985-05-12,Martinview,Northern Territory,Australia,2953,Bronze,2024-05-03,True
C31BD5AEC,John,Floyd,iperez@example.net,08.1532.5731,Male,1947-04-24,Lake Amystad,South Australia,Australia,2637,Bronze,2024-05-28,True
C04BED462,Ashley,Buchanan,jamesgray@example.org,03-5891-6709,Female,1951-06-30,St. Kyle,South Australia,Australia,2611,Bronze,2021-10-27,True
C47F5812C,Rebecca,Dawson,cynthia37@example.com,+61235149738,Female,1987-09-23,Heathertown,South Australia,Australia,0960,Silver,2021-09-23,True
CB5B02893,Jeremy,Norton,esimon@example.net,+61-461-140-900,Male,2002-01-02,St. Davidborough,Tasmania,Australia,6341,Bronze,2021-12-25,True
C8647E1E6,Kayla,Eaton,petersondonna@example.com,+61.3.4327.9274,Female,2005-10-06,Johnberg,Victoria,Australia,0243,Silver,2023-04-12,True
C3AB48A4A,Stephen,Higgins,randallmclaughlin@example.net,6892.0971,Male,1970-01-18,Brandonview,South Australia,Australia,2625,Bronze,2022-07-28,True
C93D11224,Katherine,Willis,williamsonerica@example.com,(07) 6117 7913,Female,1971-03-02,Brownfurt,Victoria,Australia,2602,Bronze,2021-10-01,True
CD8E26BDA,Elizabeth,Lewis,twilson@example.org,(08)-4658-3812,Female,1997-09-12,North Joanna,New South Wales,Australia,2918,Bronze,2022-01-25,True
C02C8FE45,Xavier,Bowen,andreawelch@example.com,+61-2-2216-8293,Male,2003-04-15,Rodriguezborough,Victoria,Australia,2693,Silver,2023-06-20,True
C3BE2B532,Alexa,Doyle,wrightdaniel@example.com,(08)-1732-5987,Female,2000-06-08,Christopherhaven,Western Australia,Australia,2120,Bronze,2025-08-22,True
C817DA38A,Drew,Humphrey,rileyjessica@example.org,+61 3 6832 0245,Male,1973-03-04,Harrisonfort,Northern Territory,Australia,0919,Bronze,2024-01-17,True
C0E78F95C,Alan,Hines,michaelthompson@example.com,+61-455-384-365,Male,1972-03-30,St. Angelaside,South Australia,Australia,2794,Silver,2023-11-19,True
C732B396E,Jodi,Murphy,herreravincent@example.net,0400.925.164,Female,1955-10-10,Antonioborough,New South Wales,Australia,2939,Silver,2021-08-16,True
CB6BEA417,Megan,Cox,mcgeethomas@example.net,(07) 9023 3940,Female,1973-09-12,Gilesshire,Queensland,Australia,2882,Bronze,2023-09-25,True
C9F34E3DB,Sean,Vaughn,gcummings@example.net,+61.431.223.872,Male,1996-05-01,New Richardshire,Victoria,Australia,2923,Bronze,2026-07-22,False
CC3CEBB92,Jasmine,Ingram,johnrogers@example.net,7872 6645,Female,1948-08-14,North Becky,Australian Capital Territory,Australia,2646,Platinum,2022-09-12,True
C0793896D,James,Hernandez,lwilson@example.com,07 3173 4539,Male,1951-11-11,Jeffreyfurt,Victoria,Australia,5250,Silver,2026-04-04,True
C25C7291B,Robert,Carpenter,qcooper@example.org,0424 154 316,Male,1972-05-11,Mcdanielburgh,Tasmania,Australia,2299,Bronze,2023-07-09,True
CC66F2FE7,Alexander,Williams,bakerraymond@example.org,+61 2 8078 0378,Male,1971-04-22,Jorgeland,Western Australia,Australia,2296,Bronze,2024-03-13,True
CE8088D56,Victoria,Wright,james25@example.net,0460 7685,Female,1999-01-15,New Larryfurt,New South Wales,Australia,2981,Bronze,2024-08-17,True
CF55B2381,David,Knapp,mdouglas@example.net,23776983,Male,1958-08-01,South Alexischester,New South Wales,Australia,2929,Bronze,2025-03-16,True
CEDA1295F,Terry,Young,ldavis@example.com,0890321857,Male,1973-07-12,Tammymouth,Western Australia,Australia,2636,Silver,2023-06-01,True
C9C97DDBC,Aaron,Wells,kimberly25@example.net,+61736252201,Male,1988-08-07,New Christopherberg,New South Wales,Australia,2949,Silver,2022-08-13,True
C97E6493C,Pamela,Franklin,bauerjustin@example.net,(03)-0722-7821,Female,1946-01-08,South Paulland,Tasmania,Australia,1520,Platinum,2022-08-29,True
C7550CF6A,Daniel,Owens,andrew92@example.com,0448.704.492,Male,1960-12-29,South Carlos,Western Australia,Australia,2509,Bronze,2025-05-28,True
C0CEF40D8,James,Gentry,bwagner@example.org,76919350,Male,1992-08-13,Deanville,Queensland,Australia,8849,Bronze,2022-02-25,True
C720505FB,Ellen,Yang,cynthia61@example.net,02-1774-6371,Female,1946-12-15,Perryland,Northern Territory,Australia,7685,Platinum,2026-04-18,False
C0409745D,Michael,Gallagher,youngdaniel@example.net,0406 930 849,Male,1976-05-08,East Nicole,Tasmania,Australia,2675,Bronze,2022-03-17,True
C6FC16278,Dennis,Leonard,markbryant@example.com,0446-849-112,Male,1984-12-13,Johnstad,Victoria,Australia,2619,Bronze,2026-02-21,True
C7C0EA5A5,Dustin,Patel,chasehansen@example.org,0438.4747,Male,1983-03-20,Dillonborough,Northern Territory,Australia,2213,Platinum,2022-07-27,True
C6772AAC7,John,Mitchell,anthonynewton@example.org,0767737587,Male,1959-01-22,Camposfurt,Northern Territory,Australia,2920,Bronze,2023-12-17,True
C1BA6B906,Daniel,Hughes,ryanoconnell@example.com,0412.765.295,Male,1955-09-05,West Justinfort,South Australia,Australia,8282,Silver,2022-02-14,True
CD0D5495F,Tina,Howard,brandi93@example.com,07 7060 3117,Female,1974-08-15,Port Patriciaberg,Queensland,Australia,2327,Silver,2025-01-02,True
CBA20FE49,David,Tucker,matthewwilliams@example.com,0342489013,Male,1960-03-01,Barryborough,Tasmania,Australia,2952,Silver,2024-01-23,True
C1C3D6670,Jason,Dennis,jerry87@example.net,(03)-7710-1069,Male,1983-06-14,Pearsonchester,New South Wales,Australia,3243,Bronze,2026-06-23,True
C32A0A739,Anne,Kent,robbinsjason@example.com,+61291496519,Female,2006-09-12,Port Ronniestad,Australian Capital Territory,Australia,2635,Platinum,2025-09-07,True
C36E03877,Jennifer,Tucker,manuelcooper@example.com,2918.5628,Female,1997-04-19,Johnside,Victoria,Australia,9738,Bronze,2024-07-30,True
CD8C1913F,Cynthia,Hardin,ellen71@example.org,+61-2-9787-2826,Female,1990-11-26,West Christopherton,Australian Capital Territory,Australia,7132,Bronze,2024-12-02,True
C601FFBDE,Dana,Williams,jeannesmith@example.org,+61 475 700 966,Female,1990-12-10,West Jeanneville,South Australia,Australia,4204,Bronze,2025-04-30,False
CD1116701,Luke,Davis,rcasey@example.org,4120.9980,Male,2003-01-18,St. Crystal,Queensland,Australia,2971,Platinum,2024-12-20,True
C9930D112,Philip,Simon,zkeith@example.org,+61342404258,Male,1994-05-13,Carterport,Victoria,Australia,2859,Silver,2022-06-06,True
C5E4A173E,Rachel,Porter,mccarthychristina@example.org,(08)59696280,Female,1966-03-10,West Jenniferview,Western Australia,Australia,2290,Silver,2024-11-30,False
C3FD7C85A,Ronald,Benitez,jacobsmith@example.org,07 1655 9834,Male,2007-10-13,Lake Waynetown,Western Australia,Australia,7968,Bronze,2025-07-09,True
C963DEBD4,Christopher,Ross,nmedina@example.net,+61-3-3874-5341,Male,1998-10-03,Lake Charles,Western Australia,Australia,2997,Gold,2022-04-18,True
C405C6656,Ashley,Nicholson,daniel81@example.net,0827138466,Female,1972-09-01,East Charlesbury,Northern Territory,Australia,2639,Bronze,2025-12-09,True
C402EB4F5,Timothy,Rodriguez,murphypamela@example.org,6582.9720,Male,1949-05-10,Kiaraborough,Australian Capital Territory,Australia,2786,Bronze,2024-03-08,True
CA22400B0,Angel,Taylor,quinnamy@example.com,0792.1299,Male,1976-10-05,Brownbury,Australian Capital Territory,Australia,2638,Bronze,2026-05-16,True
CBEAAB60C,Michelle,Day,brandonsmith@example.org,+61 426 310 942,Female,2008-03-28,Sarahton,Western Australia,Australia,2398,Bronze,2024-01-02,True
CA56C1FF0,Cody,Morris,regina71@example.org,02 5936 0055,Male,1978-06-12,Khanton,Victoria,Australia,2679,Bronze,2025-04-23,True
C02F94CBD,April,Buck,arellanocharles@example.net,+61.2.2065.1638,Female,2007-11-25,Mariefurt,Queensland,Australia,0831,Platinum,2026-01-13,False
C54FBC7F6,Adam,Larson,pamela13@example.org,(02).4179.0127,Male,2005-01-09,North Sarah,Australian Capital Territory,Australia,2308,Gold,2026-08-07,True
CC9CF77FF,Andrea,Pierce,fstephenson@example.net,0807.8144,Female,1961-02-07,Port Kaylaland,Northern Territory,Australia,2620,Bronze,2025-09-17,True
CF8CF3C2F,Jessica,Nielsen,sheilafrazier@example.net,+61 431 650 471,Female,2003-01-03,North Jaime,South Australia,Australia,3466,Silver,2025-02-23,True
CE2940474,Taylor,Phillips,yleonard@example.com,+61.8.1530.1005,Male,1977-11-23,Bobville,Tasmania,Australia,2655,Silver,2022-07-15,True
C6844F510,James,Anderson,joyce36@example.org,4827-7003,Male,1984-07-08,Burnschester,New South Wales,Australia,5573,Gold,2022-04-15,True
C0417DF65,Spencer,Dodson,kerry40@example.org,0439-257-133,Male,1993-12-09,Fordport,New South Wales,Australia,2917,Bronze,2023-05-31,True
C4EA13508,Sharon,Sims,colleenstewart@example.org,0482-233-931,Female,1998-07-08,Lauriefort,Tasmania,Australia,0976,Platinum,2021-08-11,True
CAC59CFF0,Lori,Hill,olsenmiranda@example.net,(08)30578602,Female,1994-06-19,Port Benjaminport,Australian Capital Territory,Australia,2650,Bronze,2025-02-19,True
C55ED3A21,Charles,Rowe,andrew36@example.com,08.8383.0878,Male,1994-02-20,Johnmouth,New South Wales,Australia,2343,Bronze,2026-07-20,True
C872204D6,Aaron,Holt,spencerscott@example.com,(07)77418083,Male,1972-09-21,South Williamberg,Tasmania,Australia,2969,Platinum,2021-08-18,True
C6D842D26,John,Holt,cookstephanie@example.com,0332.7547,Male,2007-01-12,Karenview,Australian Capital Territory,Australia,2622,Bronze,2022-07-05,False
C18CF7775,Justin,Mooney,nicole12@example.org,(02).6867.6776,Male,1996-02-09,Moorefort,Australian Capital Territory,Australia,2679,Silver,2024-11-21,True
C9644E429,Edgar,Erickson,howardtyler@example.org,0700147312,Male,1948-12-31,Morrowport,Northern Territory,Australia,2947,Gold,2025-03-27,True
C9BF886DE,Jessica,Williams,kwalker@example.org,0478 277 209,Female,2006-07-12,Port Scottshire,Queensland,Australia,2506,Silver,2022-11-04,True
CF10AC5F7,Melissa,Wells,lindafields@example.com,+61-441-736-326,Female,1957-04-25,South Michaelland,South Australia,Australia,8030,Bronze,2022-03-03,True
C12FB1F6D,Valerie,Mejia,nwaller@example.net,0249626899,Female,2003-08-27,St. Emily,Tasmania,Australia,2619,Silver,2025-01-02,True
C3AB375ED,Anthony,Rogers,victorgardner@example.org,+61 3 1663 4547,Male,1986-05-15,Moorefort,Victoria,Australia,2733,Bronze,2026-04-19,True
CC17C9804,Philip,Johnson,beverlyyoung@example.net,0740.1633,Male,1953-06-27,South Joshua,South Australia,Australia,2669,Bronze,2024-05-24,True
CC699B248,Susan,Pugh,zschwartz@example.net,+61.497.746.798,Female,1960-03-28,West Cynthiaville,Western Australia,Australia,2926,Bronze,2022-08-18,True
C57DF02B3,Christie,Hall,anthonyhoffman@example.org,02-6621-1464,Female,1954-06-08,Port Annaside,Victoria,Australia,2641,Bronze,2022-12-01,True
C7FEAA12D,Jasmine,Williams,nicholasford@example.net,07 0770 8366,Female,1963-08-07,East Joshua,Tasmania,Australia,4308,Gold,2021-12-28,True
CFF5D0980,Jared,Green,sjohnson@example.com,0417-714-402,Male,1950-05-20,North Kathy,New South Wales,Australia,1897,Platinum,2024-01-10,True
CE4E0BD82,Lisa,Watson,hendricksbrendan@example.net,02-1877-4843,Female,2000-04-03,South Melanie,Northern Territory,Australia,2926,Bronze,2022-06-18,True
CC53E8661,Pamela,Jacobson,uhammond@example.org,(08)-6299-5238,Female,1965-08-13,St. Reginaburgh,Tasmania,Australia,2920,Bronze,2025-05-14,True
C897D0DA6,Robert,Curtis,hnavarro@example.org,4754 0705,Male,2005-11-25,Lindaport,South Australia,Australia,0831,Bronze,2022-04-21,True
C774066A7,Maria,Rocha,kempmelinda@example.org,(03)10435223,Female,1990-01-01,East Mitchell,Queensland,Australia,2653,Silver,2025-08-02,True
CE562CF40,Eric,Bright,sandra42@example.net,+61-479-197-935,Male,1956-06-29,South Hayley,Queensland,Australia,2660,Platinum,2025-07-14,False
C2E6F110D,Daniel,Stone,aaronlopez@example.net,(07)85884892,Male,1993-08-04,Port Jeremy,Northern Territory,Australia,0267,Silver,2022-09-30,True
C5A7208BD,Jody,Brooks,edwardsjames@example.org,0345900602,Female,1987-08-09,St. Ashley,Queensland,Australia,2951,Gold,2025-11-12,True
C2D0680BC,Anthony,Gonzalez,drewsmith@example.com,(07)-6524-2329,Male,1981-03-19,South Billy,Northern Territory,Australia,2681,Silver,2022-05-22,True
C7DC649B2,Aaron,Bruce,timothycook@example.org,8522 6498,Male,1982-11-23,Alexandermouth,Victoria,Australia,2677,Bronze,2026-07-26,False
CD79FD386,Melissa,Carey,carpentercarolyn@example.com,+61-7-4910-9240,Female,1960-05-14,Smithborough,Tasmania,Australia,2914,Silver,2024-12-12,True
CCF632354,Johnathan,Wheeler,fvelasquez@example.net,08 3151 4650,Male,2002-01-28,Brendamouth,Queensland,Australia,7796,Bronze,2023-05-22,True
C561C3967,Ryan,Potter,orivera@example.org,(02)36392169,Male,1952-03-25,St. Emilyview,Australian Capital Territory,Australia,2564,Bronze,2023-06-12,False
C230A1263,Robert,Norton,taylorchristina@example.org,6232-5786,Male,1971-01-09,Lake Marissabury,Queensland,Australia,2943,Bronze,2024-06-18,True
CFE7C85C2,Julia,Cherry,nealdarryl@example.com,7247.3532,Female,1980-01-12,Charlestown,South Australia,Australia,2617,Bronze,2023-01-08,False
C238C84B9,Michele,Martin,manderson@example.com,0480 542 163,Female,1975-05-26,Caitlinland,Queensland,Australia,2655,Silver,2023-07-21,True
C21A1C469,Scott,Henry,ihayes@example.net,+61.427.798.599,Male,1948-07-20,Brownville,Queensland,Australia,2655,Bronze,2025-04-04,True
CE10B55C9,Jared,Dean,brownlarry@example.net,+61254157448,Male,2005-10-19,South Erinhaven,Victoria,Australia,2639,Bronze,2021-09-11,False
CB208919F,Christina,Estes,nespinoza@example.net,0439.767.229,Female,1995-01-07,Port Jessica,South Australia,Australia,2924,Silver,2024-04-09,True
C30F5DD30,Todd,Zavala,shawnwilliams@example.com,24124570,Male,1955-08-02,South Linda,Australian Capital Territory,Australia,2914,Bronze,2024-01-23,True
CD9D803D7,Kathryn,Douglas,mendezkatherine@example.org,+61851495757,Female,1959-06-16,Williamsside,Western Australia,Australia,0227,Silver,2025-09-19,True
C51D2C401,Monica,Ray,yboyer@example.com,(02).1685.2795,Female,1948-05-20,Port Andrewfurt,Queensland,Australia,5128,Silver,2025-01-16,True
C98665E77,Mary,Williams,darren76@example.org,+61.434.895.210,Female,1947-11-12,Ernesttown,Australian Capital Territory,Australia,2870,Bronze,2024-01-20,True
CD4900ED2,Katie,Mendez,bvalencia@example.com,5142-9509,Female,2005-05-14,Lake Markbury,Western Australia,Australia,2920,Bronze,2024-12-14,True
CC4544BCF,Michelle,Mcbride,ohenry@example.org,07-4080-5188,Female,1960-08-10,Lake Sara,Western Australia,Australia,2903,Silver,2023-06-04,True
CFF269D19,Rachel,Roberts,ugutierrez@example.org,0470.561.706,Female,1995-10-01,Holmesmouth,Western Australia,Australia,2926,Platinum,2023-09-13,True
C9E3F0E35,Ashley,Porter,stewartdean@example.org,+61-426-157-712,Female,1996-01-04,Kimtown,Australian Capital Territory,Australia,3831,Gold,2021-12-08,True
C9EA21A95,Laura,Murray,zrobinson@example.com,+61-3-5667-4958,Female,1967-05-29,Brownville,Queensland,Australia,6489,Silver,2024-03-12,True
C49ED59DC,Rachel,Cross,cassie91@example.com,9490 6637,Female,1993-06-12,St. Brenda,South Australia,Australia,2102,Bronze,2024-08-30,True
C832A34EB,Laurie,Bailey,adam60@example.net,+61 8 9836 7578,Female,1976-11-03,Derekport,Western Australia,Australia,2619,Bronze,2022-07-07,True
CD10EBC45,Jasmine,Benjamin,jamiegordon@example.net,7809 4312,Female,1969-01-10,St. Jenniferland,Queensland,Australia,2686,Gold,2023-03-17,True
C856274EB,Scott,Hale,anthony73@example.org,+61-3-1977-9910,Male,2002-10-30,St. Kimberly,Victoria,Australia,2919,Bronze,2024-06-11,False
CC2E9867C,Scott,Hammond,lowekatherine@example.com,+61.2.6535.9808,Male,1977-05-11,Brianton,Northern Territory,Australia,2686,Bronze,2022-12-15,True
CDE76E1F3,Carrie,Richardson,ihoover@example.net,+61 8 1903 1179,Female,1951-02-06,Lake Carlosberg,Victoria,Australia,2611,Bronze,2023-06-01,True
CFC14AF46,Paul,Haynes,allenchristopher@example.org,+61-7-8923-7437,Male,1974-05-09,Donnafort,Northern Territory,Australia,6292,Bronze,2025-02-19,True
C298B913F,Meagan,Ellis,andrea17@example.com,02-8394-7858,Female,1979-08-14,Harperland,Australian Capital Territory,Australia,2643,Bronze,2025-10-21,True
C5FEF74EE,Brandon,Terrell,anthony21@example.com,(02).7427.2101,Male,1960-07-10,Sarahland,Tasmania,Australia,2994,Platinum,2024-10-31,True
CD6D2A817,Caleb,Hicks,thomas56@example.net,+61 416 274 823,Male,1962-12-27,Harriston,Australian Capital Territory,Australia,7097,Silver,2026-01-08,True
C0A9EB4E4,Theresa,Beck,gfoster@example.net,+61 412 355 411,Female,2000-07-05,East Larry,Tasmania,Australia,2675,Silver,2024-05-02,True
C50B73863,Ryan,Shaw,elizabethwilson@example.net,08.3962.9948,Male,1974-11-08,Barnesview,Northern Territory,Australia,2693,Bronze,2025-09-20,True
C65A586B4,Jeremy,Salas,colton81@example.org,0493.201.576,Male,1951-07-10,Lindamouth,Australian Capital Territory,Australia,2265,Bronze,2024-08-01,True
CAA5BB807,Phillip,Hammond,courtney39@example.org,+61298011177,Male,1950-12-02,Stephaniemouth,New South Wales,Australia,1490,Silver,2025-09-29,True
C1952E49D,Melissa,Griffin,vanessa01@example.net,03-7609-8533,Female,1981-02-22,Reyesport,Western Australia,Australia,6394,Bronze,2022-07-18,True
CA8ABB97C,Ashley,Tanner,estafford@example.org,0435.230.515,Female,1996-01-20,Mitchellberg,New South Wales,Australia,2677,Silver,2025-10-21,True
C8E08CEBA,John,Charles,garrett30@example.com,+61.7.0165.6591,Male,1986-07-03,Keithton,Tasmania,Australia,2813,Bronze,2023-09-16,False
C46783DC8,Donna,Reyes,christopher69@example.org,(07) 7253 5730,Female,1947-10-25,Rodriguezmouth,Northern Territory,Australia,2914,Bronze,2024-07-17,True
C26D8A75D,Andrew,Wiggins,stephanie48@example.com,+61 2 8525 1568,Male,2003-02-09,New Lori,Western Australia,Australia,2689,Silver,2021-08-17,True
C91A84D4B,Monica,Smith,sandraparsons@example.net,+61.460.302.047,Female,1975-06-27,South Philipfurt,Western Australia,Australia,2928,Bronze,2025-03-09,False
C390C562B,Rebecca,Perry,anneclark@example.net,5179.3905,Female,1958-10-28,Port Jay,Tasmania,Australia,2740,Bronze,2026-03-17,False
C7ACCCE47,Teresa,Clark,hodgeslori@example.org,0838223036,Female,1990-04-29,Stephanieborough,Northern Territory,Australia,2920,Bronze,2026-04-20,False
C9C77AB3E,Vincent,Wilson,ilozano@example.org,+61 483 849 305,Male,1967-09-25,Erinberg,Tasmania,Australia,9529,Bronze,2021-11-14,True
C3BC98020,Linda,Leon,dgreen@example.org,0470 306 975,Female,1947-07-12,North Alexanderhaven,Victoria,Australia,2920,Bronze,2022-09-09,True
C07F0AEC3,Jeffrey,Miller,ann75@example.net,(03)-7920-5195,Male,1952-05-12,North Kayla,Queensland,Australia,2961,Gold,2021-10-18,True
C4ED73831,Lisa,Lowery,mariamartinez@example.com,0743537141,Female,1986-05-27,Michaelview,Australian Capital Territory,Australia,2619,Bronze,2023-04-25,True
CAA3133DA,Julie,Anderson,russellamber@example.net,0491-802-834,Female,1999-12-19,Annemouth,New South Wales,Australia,2550,Gold,2024-09-29,False
CD36FB440,Jared,Cook,aguilarcaitlin@example.org,0448 852 389,Male,1996-09-14,South Carla,Australian Capital Territory,Australia,0287,Bronze,2024-03-07,True
CBD0BAD15,Jo,Fox,storres@example.org,+61.432.174.062,Female,2001-03-09,Joshuafort,Western Australia,Australia,2921,Gold,2024-09-07,True
C27A89901,Katrina,Wright,christophermoore@example.org,+61-461-358-359,Female,1966-12-15,New William,Queensland,Australia,2460,Bronze,2025-06-19,True
CA67CD76D,Mary,Allen,julianhall@example.org,+61.413.354.204,Female,1968-03-09,Maldonadochester,Australian Capital Territory,Australia,2620,Silver,2022-10-13,True
C48DAE607,Brian,Stein,cameronaaron@example.org,+61-2-2181-4887,Male,2005-07-30,Timothytown,South Australia,Australia,2682,Bronze,2022-08-09,False
CB4EC4F01,Amanda,Hoover,carlosgarza@example.net,+61-470-436-259,Female,1950-07-12,Samuelchester,New South Wales,Australia,2500,Bronze,2022-05-09,True
C39CB9081,Monica,Kent,wmercado@example.net,+61-449-455-204,Female,1955-08-13,East Leslie,Tasmania,Australia,2045,Silver,2026-05-25,True
CA9AA5803,Thomas,King,scottsmith@example.com,(02)-4174-3039,Male,1953-11-03,New Tracy,Tasmania,Australia,2918,Bronze,2024-12-03,True
CEFD92D49,Mary,Boyd,frenchmary@example.com,96142800,Female,1962-02-13,St. Christian,Australian Capital Territory,Australia,2972,Bronze,2023-09-27,True
CF11F33F9,Stacey,Madden,dale72@example.net,(08)-1859-2204,Female,1977-07-21,Nicholasshire,Northern Territory,Australia,2496,Bronze,2025-08-09,True
C08DCFE68,Richard,Jimenez,pedwards@example.net,0494-303-352,Male,1991-01-23,New Victoriaberg,Queensland,Australia,2632,Bronze,2024-06-08,True
C22C76FEE,Michael,Bright,jessica82@example.org,+61 473 126 912,Male,1972-08-15,Mariaport,Tasmania,Australia,2915,Gold,2023-03-12,False
CA8D85768,Kirsten,Ruiz,josephgarcia@example.com,0751483065,Female,1999-10-20,East Amy,Tasmania,Australia,2931,Silver,2026-08-08,True
CE7706737,Timothy,Foster,rebeccastein@example.net,0757235871,Male,1961-01-29,North Melissaberg,Western Australia,Australia,0874,Bronze,2021-08-15,True
C4C54E948,Joshua,Boyd,willie73@example.net,+61.420.534.318,Male,1959-11-19,Port Elizabeth,New South Wales,Australia,5256,Silver,2022-05-03,True
CACD9EBDC,Eric,Wolf,kpotter@example.net,0415.734.093,Male,1975-09-16,North Derrick,New South Wales,Australia,7807,Bronze,2024-02-29,True
C48A22D89,David,Jennings,andrea79@example.org,07.2038.7802,Male,1985-09-09,West Kristibury,Victoria,Australia,2619,Bronze,2022-10-22,True
C38646F33,Adam,Wilson,jonesricardo@example.org,0461 427 092,Male,2005-01-09,St. Jorge,New South Wales,Australia,4705,Silver,2022-05-12,True
C457E9D88,Joshua,Clark,matthew19@example.com,0439.506.549,Male,1947-05-09,Lake Brandon,Northern Territory,Australia,2995,Bronze,2025-02-08,True
C8921BAA7,Trevor,Chang,brianklein@example.org,03-3397-4315,Male,1979-12-02,St. Ryan,New South Wales,Australia,2920,Platinum,2025-02-15,True
C2F1A8A4E,Diane,Shaw,tbenson@example.com,07 6994 3326,Female,1979-09-20,Walkerhaven,Northern Territory,Australia,3655,Bronze,2025-11-04,True
CA17B967B,Kara,Robinson,nmann@example.org,05341379,Female,1985-10-06,South Ryanside,Northern Territory,Australia,2689,Bronze,2026-01-09,True
CBAA72620,Andrew,Austin,hvang@example.net,+61.3.7896.1756,Male,2006-08-30,Port Marcohaven,South Australia,Australia,2986,Silver,2026-07-17,True
C0B8E0FCB,Peter,Murray,mwhite@example.net,5499 8882,Male,1960-10-24,New Donna,Tasmania,Australia,0296,Silver,2022-01-02,True
C9474970B,Peter,Knight,xchen@example.com,(08) 4885 1247,Male,1967-10-06,Sandraport,Victoria,Australia,2648,Bronze,2024-04-17,True
C71F8BD28,Jessica,Spears,stevenwilliams@example.net,0484.881.023,Female,1971-12-05,Jonesmouth,Victoria,Australia,2979,Bronze,2024-05-31,True
C50E77BF0,Roger,Nguyen,xmeyers@example.com,7672.7336,Male,1968-11-13,Candacestad,Australian Capital Territory,Australia,2920,Bronze,2024-07-02,True
C889E606B,Mitchell,Washington,umunoz@example.org,7680.3001,Male,1983-03-25,Patrickburgh,Western Australia,Australia,2958,Gold,2023-05-20,True
CBA46FE8F,Melissa,Shannon,ronald48@example.com,08.7282.6161,Female,1960-01-12,Kellyhaven,Australian Capital Territory,Australia,2189,Bronze,2025-05-23,False
C35AA6C28,Tanya,Johnston,anthonydaniels@example.org,+61.8.5549.5929,Female,1979-12-08,St. Jeffrey,Northern Territory,Australia,2328,Bronze,2026-06-09,True
C37278E9B,Tracy,Everett,brittany10@example.org,02-3321-6006,Female,1954-08-02,South Selena,New South Wales,Australia,2613,Bronze,2026-08-10,True
C4441B1BA,Aaron,Mills,millercarlos@example.org,(07)03799892,Male,1997-05-25,Fostermouth,Australian Capital Territory,Australia,2292,Bronze,2025-05-24,True
C2102C442,Benjamin,Dunlap,fordmike@example.org,+61.3.5523.5454,Male,1981-05-28,St. Claireberg,Victoria,Australia,2634,Platinum,2022-10-23,True
C0104761A,Jordan,Jacobs,jennifer64@example.net,0436-277-347,Male,1980-01-10,Mccarthyport,Queensland,Australia,2945,Bronze,2026-05-19,True
C559540D1,Andre,Mason,hartzachary@example.com,+61739321056,Male,1964-09-23,Alyssaview,Northern Territory,Australia,2681,Bronze,2022-12-18,True
CA99F3320,Connie,Garcia,brent87@example.org,84427167,Female,1953-10-08,Sierrafort,Australian Capital Territory,Australia,2607,Silver,2023-05-29,True
C603B091C,Omar,Pollard,karen63@example.org,(07) 5972 8854,Male,2004-09-03,East Xavierville,Victoria,Australia,2607,Bronze,2024-05-06,True
CDB977760,Marc,Green,holly51@example.com,+61876400311,Male,1996-08-28,East Pamelaside,Northern Territory,Australia,2671,Silver,2025-05-28,True
C28D9987D,Chad,Ortiz,lauramendoza@example.com,08.6665.0619,Male,1972-02-05,Stephanieside,Northern Territory,Australia,2931,Bronze,2022-05-11,True
C1B5136A3,Gloria,White,vanessa50@example.com,3806.9348,Female,1949-01-05,Thomaston,South Australia,Australia,2618,Bronze,2022-01-20,True
CBD2C50AE,Ashley,Dorsey,ljenkins@example.org,(07)-0217-0763,Female,1992-04-19,West Johnshire,Queensland,Australia,2920,Bronze,2025-03-30,True
C2555F685,Kim,Hernandez,coreymartinez@example.com,+61 3 8921 0502,Female,1968-08-17,Sanchezville,Western Australia,Australia,1379,Bronze,2025-08-15,True
C244DA373,Robert,Day,cboyer@example.org,0211410611,Male,1986-11-08,New Kirsten,New South Wales,Australia,2926,Silver,2024-09-19,True
C640620F5,Renee,Adams,smithallison@example.net,(08) 0448 9276,Female,1948-08-13,Rachelville,South Australia,Australia,2623,Gold,2021-11-19,True
C8B8C03EE,Fred,Peters,ecisneros@example.org,+61 412 322 244,Male,1952-05-21,Jessicamouth,New South Wales,Australia,2608,Bronze,2024-11-29,True
CEE0656D4,Wanda,Rodriguez,elizabethdavis@example.net,(07)32357461,Female,1959-05-16,Williamsside,Northern Territory,Australia,2905,Bronze,2025-11-10,True
C5D846CEF,Christopher,Wiley,mosleyrobert@example.com,0882523305,Male,1989-02-18,Henrychester,Western Australia,Australia,2927,Bronze,2022-12-08,True
C218AE381,Mary,Hester,derrick79@example.org,5849 9549,Female,2003-01-24,Johnchester,Victoria,Australia,2702,Silver,2021-08-24,True
CDBFDF273,Shelly,Moreno,martinkristin@example.com,+61.3.3246.7561,Female,1973-01-01,Jaredstad,New South Wales,Australia,2918,Silver,2025-12-12,True
C16779E8D,Theresa,Harris,alexander45@example.com,7287.8250,Female,1950-07-05,Deniseside,Queensland,Australia,4978,Bronze,2022-01-14,True
CC381EA62,Matthew,Hart,banderson@example.com,0479.350.876,Male,1997-04-19,Williamhaven,Western Australia,Australia,2974,Silver,2021-08-22,True
CF65F5C6A,Maria,Moore,christophernguyen@example.org,0762253215,Female,1996-08-20,Bonnieborough,South Australia,Australia,2657,Bronze,2026-01-29,True
C41D85061,Ashley,Saunders,annaescobar@example.net,(07)19179603,Female,1970-10-28,West Jerome,New South Wales,Australia,2911,Bronze,2022-06-14,True
CC7B3E608,Patrick,Clark,christopherduran@example.com,+61 410 550 323,Male,2008-02-09,Sandramouth,Northern Territory,Australia,2938,Bronze,2023-11-10,True
C3B3F7FE5,Margaret,Roberts,christopherpatrick@example.net,7798 9417,Female,1976-02-18,St. Christopherport,Western Australia,Australia,2631,Bronze,2026-07-09,False
C034DBF08,Justin,Lopez,julia22@example.org,9509.6371,Male,1991-02-05,Eriktown,Queensland,Australia,2919,Silver,2024-11-17,True
CA8C765FE,Elizabeth,Ramos,webbjon@example.org,0319066591,Female,1980-07-19,Wilsonville,Western Australia,Australia,2910,Silver,2025-05-17,True
CE19D7732,Glenda,Morrison,urichards@example.org,+61333105336,Female,2005-06-30,Port Joshuachester,South Australia,Australia,2049,Bronze,2022-01-05,True
CD2650B66,Joseph,Walsh,dana29@example.org,0467 392 911,Male,1946-05-12,North Steve,Australian Capital Territory,Australia,1773,Bronze,2023-11-01,True
CDF22C094,Jesse,Leonard,jennathompson@example.org,0490.283.440,Male,1987-04-13,South Elizabethmouth,Queensland,Australia,0890,Bronze,2022-10-09,False
CC67AA698,Jose,Sullivan,howardrobin@example.com,1579 5508,Male,2005-03-23,Georgemouth,Western Australia,Australia,2920,Bronze,2025-09-17,True
C5B0A78C2,Kayla,Elliott,coltonbaldwin@example.org,(03)81000953,Female,1987-03-19,Perezton,Western Australia,Australia,2146,Bronze,2024-05-11,True
CA4091E41,Colleen,Allen,yshaw@example.com,0496.640.844,Female,1968-07-10,Schneiderfort,Australian Capital Territory,Australia,4793,Gold,2023-10-03,True
C38E66C48,Bridget,Franklin,christy44@example.net,0428-554-597,Female,1964-10-23,North Brandontown,New South Wales,Australia,2623,Bronze,2026-07-04,True
C614D0F38,Joseph,May,ruizjennifer@example.com,1289-7014,Male,1960-05-18,Bettymouth,Queensland,Australia,2952,Bronze,2023-11-19,True
CC46D05C6,Christina,Simpson,gmiller@example.net,+61 467 195 566,Female,1947-05-06,Sabrinaview,Queensland,Australia,2680,Bronze,2024-08-01,False
CFC8313B4,Matthew,Steele,iblack@example.com,(02).9607.4946,Male,1949-05-03,Port Stacieburgh,Queensland,Australia,0959,Silver,2025-02-10,True
CF61D1A7B,Andrew,Morgan,austin45@example.org,(02)80097374,Male,1970-02-24,Carpenterberg,Australian Capital Territory,Australia,2476,Silver,2025-01-13,True
C5FCCC50C,Maria,Thomas,twood@example.net,0489.199.034,Female,1956-01-17,Hansenburgh,Victoria,Australia,2943,Bronze,2022-09-04,True
CDE0862B5,Kevin,White,santiagogarrett@example.com,03.2131.4817,Male,2002-08-10,New Amyburgh,Northern Territory,Australia,2619,Platinum,2023-01-20,True
C597BAF62,Stephanie,Harvey,maureengraham@example.net,09448024,Female,1995-08-21,East Timothy,Western Australia,Australia,2994,Gold,2025-11-30,True
C4DB9620D,Glenda,Smith,gwatson@example.com,+61-3-6226-1819,Female,1958-01-23,New Kellyburgh,South Australia,Australia,2979,Platinum,2023-09-08,True
C14ED4274,Jocelyn,Wilson,ebradshaw@example.com,(08)38776229,Female,1994-06-02,Lawrencefurt,Queensland,Australia,0261,Gold,2025-01-17,False
C3ADDCA85,Joel,Walls,stonebrandi@example.net,+61 7 5664 3825,Male,1969-12-25,Morganville,New South Wales,Australia,4133,Silver,2024-06-02,True
C73F97331,Lawrence,Wilson,villarrealheather@example.org,0464.640.607,Male,1999-08-10,Lake Andrewtown,Queensland,Australia,2750,Bronze,2025-09-09,True
CCFBEF4B5,Danny,Wright,mendeznatalie@example.com,9223.1793,Male,1951-01-06,Lake Joshua,Northern Territory,Australia,2685,Bronze,2023-05-17,True
C0C466D63,Janet,Savage,lwilliams@example.org,08-4013-3194,Female,1985-03-02,North Brittanyview,Australian Capital Territory,Australia,1940,Silver,2025-03-14,False
CF9E76F39,Jennifer,Reed,barrraymond@example.org,9406.2107,Female,1981-06-05,North Susan,Queensland,Australia,2785,Silver,2024-08-06,False
C0D72EAA6,Brenda,Medina,jason90@example.org,(02).3118.8489,Female,1989-01-26,North Scottburgh,New South Wales,Australia,7544,Bronze,2022-10-23,True
CB279EE1B,Suzanne,Fuentes,russellgreen@example.net,+61 437 488 630,Female,2006-09-15,New Brianshire,Northern Territory,Australia,7970,Silver,2026-04-17,True
C716403D8,Jennifer,Johnson,dmiranda@example.org,0740490185,Female,1987-07-01,Bentonchester,Australian Capital Territory,Australia,2640,Bronze,2026-05-10,True
C5BE66AFA,Nancy,Todd,amason@example.org,03-2024-4496,Female,2000-06-04,Port Anna,Western Australia,Australia,9467,Silver,2022-03-27,True
C1D7E57E0,Stephanie,Moore,michaelsantiago@example.net,0487-646-479,Female,1970-01-08,Edwardburgh,South Australia,Australia,2989,Bronze,2021-08-14,True
C1B2D981B,Jacob,Smith,smithdiana@example.org,+61 3 3403 0090,Male,1976-12-12,Derrickbury,Western Australia,Australia,2920,Gold,2025-02-17,True
CB49818F1,Crystal,Moore,kevinwyatt@example.org,03-2189-2266,Female,1966-04-27,Loriport,Queensland,Australia,2613,Bronze,2022-10-30,True
C5985D4B4,Keith,Stephens,kaylee65@example.net,6031-5841,Male,1981-02-10,Lake Micheal,Northern Territory,Australia,2049,Silver,2023-04-15,False
CB1AE89A4,Lauren,Zhang,davisanthony@example.org,08.1509.5465,Female,1989-12-17,Port Ashley,Queensland,Australia,2637,Bronze,2022-08-02,True
C6F844FD5,Carrie,Ibarra,courtneywood@example.com,29616009,Female,1968-01-14,Heathburgh,Queensland,Australia,2441,Gold,2025-11-18,True
C16FFF6F8,Andrew,Hall,mchan@example.com,08-1145-0627,Male,1964-11-17,Robertsonville,Tasmania,Australia,2469,Bronze,2025-12-12,True
CF1C5A5E2,Krista,Hogan,robert05@example.net,03 3311 1942,Female,1950-09-23,Lukeside,Western Australia,Australia,2983,Bronze,2022-06-22,True
CDAA7DE0C,Gregory,Hernandez,pagebenjamin@example.org,+61 435 599 809,Male,1945-09-20,Lake Shelbyside,Western Australia,Australia,5041,Bronze,2025-09-25,False
C50EB8A77,Jerry,Thomas,haneyjon@example.com,0410.368.345,Male,1954-10-20,South Dana,Queensland,Australia,0924,Silver,2022-06-10,True
C61BD9F6F,Kristina,Thomas,simmonsmichael@example.org,03.7625.6420,Female,1994-06-28,Ashleychester,Victoria,Australia,2222,Bronze,2022-05-09,True
CCED62A86,Jessica,Brown,karen88@example.com,02.0932.6707,Female,1980-01-19,St. Michaelside,Tasmania,Australia,2193,Bronze,2026-03-30,True
C17410678,Jennifer,Gonzalez,anthony69@example.org,02-5820-4858,Female,2003-08-10,Douglasville,Western Australia,Australia,2429,Silver,2021-09-14,True
C49A9155D,Stacey,Miller,johnsonbarbara@example.net,0495-183-501,Female,1967-04-03,Victoriamouth,Australian Capital Territory,Australia,2696,Bronze,2025-08-27,True
C806C9F93,Becky,Rubio,rhonda11@example.com,(08)73781103,Female,1996-09-26,Pittmanburgh,Australian Capital Territory,Australia,2654,Bronze,2025-07-01,True
C4800E343,Kiara,Ramirez,dsawyer@example.net,+61.2.5113.4290,Female,1954-09-20,Sullivanhaven,New South Wales,Australia,2619,Bronze,2023-02-06,True
CEDC1A86E,Amanda,Anderson,kathycollins@example.com,+61.2.0079.8276,Female,1956-01-29,Lake Elizabeth,South Australia,Australia,2619,Silver,2022-08-28,True
CF34F65CD,Candice,Rhodes,lmartin@example.org,0465.651.647,Female,1977-07-29,Port Kathleen,Queensland,Australia,9496,Bronze,2022-05-17,True
C8A3D1238,Ricky,Bender,troywalsh@example.org,0229996725,Male,1986-03-18,South Sharonmouth,Victoria,Australia,2630,Platinum,2023-01-19,True
C70049751,Jesus,Carter,cbaker@example.com,4478-4859,Male,1957-06-17,South Michellefort,Tasmania,Australia,2957,Bronze,2021-09-02,True
CB97AAE2E,Michelle,Grant,matthewcook@example.net,(02)20196528,Female,1963-04-02,Seanshire,Tasmania,Australia,5827,Bronze,2023-08-26,True
CBDAD4485,Vincent,Wilson,georgesmith@example.com,(07)-5376-1475,Male,1976-06-11,South Ryan,Victoria,Australia,0264,Bronze,2022-05-06,True
C8FC899FD,Cheyenne,Conrad,jameshansen@example.net,0441-603-402,Female,1987-01-29,Brianbury,Victoria,Australia,0818,Bronze,2021-12-11,True
C1809CE4C,Cynthia,Davila,schmidtkevin@example.org,(02)-7610-7925,Female,1972-03-30,Nathanview,Tasmania,Australia,2652,Silver,2026-02-02,True
C2F33C5C0,Eric,Long,fbrown@example.com,+61-7-6947-0760,Male,1992-02-01,West Waynebury,Victoria,Australia,3037,Gold,2023-02-24,True
CC0DE61F6,Kevin,Cunningham,david17@example.org,01649803,Male,1997-04-11,St. Travis,New South Wales,Australia,5028,Bronze,2024-04-07,True
C74D65B63,Danielle,Adams,grahamangela@example.net,+61 401 320 008,Female,1970-09-19,New Brittney,Victoria,Australia,6701,Silver,2025-10-11,True
C6FE560A7,Edwin,Martin,moralesjohn@example.org,8792.3450,Male,1949-01-25,North Mark,Tasmania,Australia,7659,Bronze,2025-03-20,True
CA97053DE,Angela,Sims,dianawilliams@example.com,+61-8-8532-6564,Female,1992-05-28,Flemingbury,Western Australia,Australia,2630,Bronze,2025-05-14,True
CC76E13C5,Julia,Ortiz,thomaseverett@example.org,(08)85082916,Female,1951-01-01,Amyside,Victoria,Australia,2588,Bronze,2026-01-10,True
CED928284,Michelle,Griffin,kellybailey@example.net,0879-8153,Female,1970-10-06,New Bradleyburgh,South Australia,Australia,2639,Bronze,2023-01-24,True
CD20D5335,Elizabeth,Vasquez,rebekah74@example.net,1658-8762,Female,1985-12-19,East Bretttown,New South Wales,Australia,2221,Silver,2025-09-13,True
CC6FDEDCF,Chelsea,Rodriguez,jacobbush@example.org,+61-465-920-268,Female,1987-08-27,Port Jeffreyberg,Northern Territory,Australia,2648,Silver,2022-12-29,True
C9826502B,Laurie,Baker,stephaniecampbell@example.org,7070-9076,Female,1957-03-20,Grayburgh,Tasmania,Australia,2614,Bronze,2021-09-09,True
C07DE4A8A,Shelley,Moore,umcguire@example.com,+61.413.074.812,Female,1993-10-17,Maxwelltown,Australian Capital Territory,Australia,2150,Bronze,2022-05-06,True
CA7944B80,Brian,Miles,holmesstephanie@example.org,0748716375,Male,2005-11-16,North Rosschester,Northern Territory,Australia,1909,Bronze,2021-11-30,True
C92BAFCF2,Chelsea,Patterson,dianejones@example.org,0712125298,Female,1981-12-14,Jeffreymouth,South Australia,Australia,2455,Bronze,2025-04-01,True
CF7A48A9E,Elizabeth,George,vpetty@example.org,(07)-5034-1255,Female,1981-07-13,Howeberg,Australian Capital Territory,Australia,2769,Bronze,2021-12-03,False
C9565C6A3,Gregory,Holland,laurengraham@example.com,+61727664566,Male,1982-08-08,North Dannytown,Australian Capital Territory,Australia,2698,Platinum,2025-10-13,True
CD65F21D2,April,Yu,tayloralexander@example.org,1194.8245,Female,1994-03-09,Heatherbury,Queensland,Australia,2910,Bronze,2025-02-10,True
C20C27BE2,Stephanie,Martinez,christian17@example.org,03-0108-3866,Female,1969-09-03,Lake Laurenland,Victoria,Australia,2656,Silver,2023-09-11,True
C10DBB3B2,John,Hansen,christina28@example.net,1761.2131,Male,1955-07-12,Rangelshire,Queensland,Australia,2903,Bronze,2023-10-07,True
C207E944D,David,Dennis,simmonsvictor@example.org,9230-1995,Male,1946-11-27,Phillipmouth,Australian Capital Territory,Australia,2920,Bronze,2025-12-10,True
C914B59D1,Heather,Buchanan,lori35@example.com,07.6442.7453,Female,1952-11-27,Nelsonfort,New South Wales,Australia,2615,Platinum,2024-01-09,True
C28D5D244,Joseph,Wilson,mholland@example.org,0483-555-872,Male,1996-02-06,West Johnnyville,Northern Territory,Australia,2926,Silver,2021-09-15,True
C01BBA72E,Gabriel,Nelson,fpeterson@example.org,+61-3-3158-2383,Male,1959-04-22,St. Ryanchester,Northern Territory,Australia,2950,Bronze,2023-10-30,True
C96C72210,Karen,Leon,karltaylor@example.net,+61.2.6746.9327,Female,1980-01-11,Port Alexander,Tasmania,Australia,2665,Bronze,2025-05-15,True
CC10CB60A,Craig,Gross,ssutton@example.net,+61 417 931 070,Male,1977-01-03,New Elaine,Tasmania,Australia,2678,Bronze,2023-10-02,True
C20E7FEDE,Louis,Garcia,jonesstacy@example.org,08 1808 4964,Male,1974-07-21,West Anitaburgh,New South Wales,Australia,2665,Silver,2025-01-01,True
C556EB3D0,Mark,Santos,amandabarnes@example.net,07 6720 0675,Male,1950-09-17,South Noahstad,Queensland,Australia,2841,Silver,2026-05-02,True
C114D8EA5,Zachary,Kim,anita11@example.org,(02)-3690-9584,Male,1967-09-04,Garciastad,New South Wales,Australia,9402,Bronze,2021-11-09,True
C41C2D40B,Michael,Garcia,noahyoung@example.org,(02)81989361,Male,2004-04-25,West Ricky,Victoria,Australia,2964,Bronze,2022-08-22,True
C7C18E8CE,Linda,Adams,orrkaren@example.org,22876670,Female,1987-04-28,Lake Michaelstad,New South Wales,Australia,2956,Silver,2026-06-10,True
C5C0EA91D,Joel,Walker,jennifer04@example.net,0305860419,Male,2003-09-17,Harveyside,Tasmania,Australia,2607,Silver,2023-08-06,True
C4CE12ABF,Peter,Matthews,vduran@example.net,03.3261.5683,Male,1963-10-14,Lake Dennis,Queensland,Australia,2495,Bronze,2023-11-10,True
C15B979DD,Jordan,Hopkins,christophergallegos@example.net,8563 0730,Male,2005-04-28,Sandrafurt,Victoria,Australia,0992,Bronze,2022-11-03,False
C693FE49C,Cindy,Bailey,samantha71@example.com,(07).6707.6355,Female,1991-04-07,Bennettbury,Queensland,Australia,8448,Bronze,2025-12-14,False
CE4CC8009,Jacqueline,Summers,emann@example.com,(02).5745.6117,Female,1948-07-27,Davidberg,Victoria,Australia,4484,Gold,2026-07-17,True
C04BAA295,Jason,Park,batesjacob@example.com,(07).2294.6662,Male,1968-07-31,Christensenburgh,South Australia,Australia,0989,Silver,2024-10-05,True
C2B135D8F,Joe,Wilcox,esanchez@example.com,03763120,Male,1967-11-16,Andreborough,Western Australia,Australia,1544,Silver,2026-03-24,True
C68D01BF1,Jackson,Vasquez,wendyrivera@example.com,0424 812 777,Male,2001-11-13,Port Douglas,Australian Capital Territory,Australia,2638,Bronze,2025-12-06,True
C689FA4F8,David,Mora,william33@example.org,07-4789-6937,Male,1957-09-23,New Wendyview,Tasmania,Australia,8233,Bronze,2022-05-09,True
CAD0DE148,Jeffrey,Lawrence,christopher19@example.com,02-7690-6527,Male,1989-09-03,West Jamesbury,New South Wales,Australia,2954,Silver,2026-07-18,True
CFD40569B,Susan,Whitehead,ewashington@example.org,9475 4045,Female,1984-03-13,South William,Western Australia,Australia,2179,Silver,2022-07-13,True
CEC3924D7,John,Gould,dawnadams@example.org,07-9512-8707,Male,1996-01-21,North Justinfort,Tasmania,Australia,2068,Silver,2024-08-05,True
C33D23228,Sarah,Mahoney,patrickjason@example.net,+61263601762,Female,1994-04-02,Rayberg,Tasmania,Australia,2918,Bronze,2026-07-26,True
CC0F295A6,Emma,Patel,igill@example.org,+61.478.361.337,Female,1983-11-15,Christopherhaven,Queensland,Australia,2960,Silver,2026-01-15,True
C0D64CDDD,Preston,Robinson,adamadams@example.net,+61.434.316.489,Male,1985-05-09,East Meganhaven,Australian Capital Territory,Australia,2612,Bronze,2024-03-31,True
C9B619BDF,William,Freeman,uwilliams@example.com,0425 019 538,Male,1948-08-09,Jenningsport,New South Wales,Australia,2943,Bronze,2025-02-26,True
C3CC8F4B2,Kristen,Andrade,susanrobles@example.net,+61-2-0491-5750,Female,1970-01-20,Stanleyhaven,Queensland,Australia,2965,Silver,2023-10-05,True
C29A739CC,Wanda,Mckenzie,ccooper@example.net,(02).4943.1178,Female,1997-07-04,Silvahaven,Queensland,Australia,5729,Silver,2021-09-20,True
C60037117,Vickie,Green,hilldanielle@example.com,+61.2.1776.3852,Female,2005-05-16,Vasquezville,South Australia,Australia,2532,Silver,2025-05-28,True
CD8AE6762,Maria,Smith,dthomas@example.com,+61.443.375.892,Female,1969-12-05,North Jenniferborough,Tasmania,Australia,1098,Bronze,2025-10-08,True
C7ED9DAFA,Daniel,Banks,thomas48@example.net,(08).5662.4928,Male,1986-09-13,Stephenshire,Australian Capital Territory,Australia,2675,Bronze,2022-11-14,True
CF50BC120,Joshua,Roberts,michael45@example.net,+61-7-5059-5821,Male,1959-08-03,Kevinfort,New South Wales,Australia,8187,Bronze,2024-09-01,True
C994EF857,Lori,Murphy,pamelastewart@example.net,03 1661 0020,Female,1966-07-13,Lake Amandahaven,Australian Capital Territory,Australia,2335,Bronze,2022-09-14,True
C9AEE1F42,Shaun,Velasquez,brian62@example.com,(07)-6304-7161,Male,1997-08-08,Port Kellyfort,Northern Territory,Australia,2965,Bronze,2021-12-26,False
C9BA066C4,Matthew,Grimes,jeremymorton@example.net,+61.2.1206.9812,Male,1977-08-18,North Jasonside,Northern Territory,Australia,8364,Silver,2026-05-22,True
C625EE2BA,Timothy,Allen,ostewart@example.org,99378066,Male,1974-07-28,Weberport,Western Australia,Australia,2749,Silver,2022-08-24,True
C40114E73,Mason,Rose,ronnie16@example.net,+61-7-1336-8085,Male,2003-05-13,Murphyburgh,New South Wales,Australia,2619,Bronze,2022-06-23,True
CAB674610,Clarence,Lutz,mmcfarland@example.com,+61 444 768 562,Male,1976-01-29,Ramirezview,Victoria,Australia,7487,Bronze,2022-07-03,True
CD8ECAF5D,Crystal,Solomon,chelsea73@example.net,+61 415 465 241,Female,1958-05-18,East Lisamouth,New South Wales,Australia,2954,Silver,2023-09-14,True
CC8F6B8FE,Christopher,Reed,omonroe@example.com,03.2686.9400,Male,1969-05-27,Christinamouth,Queensland,Australia,2671,Bronze,2023-12-20,True
CBA6C2EFB,Patricia,Woods,daniellebarrett@example.net,+61-444-765-144,Female,1948-01-04,Sabrinatown,Tasmania,Australia,2322,Bronze,2024-02-09,True
CFC4E8BC1,Megan,Hamilton,wellsivan@example.net,+61-464-599-956,Female,1962-03-11,Jenkinsland,South Australia,Australia,2994,Bronze,2025-03-14,True
C2E333EE1,Carly,Miller,rmyers@example.org,+61 484 291 321,Female,2001-04-10,West Nathaniel,Western Australia,Australia,2970,Bronze,2024-07-01,True
CCDE3E27D,Christopher,Barnett,danielguerra@example.com,(02)-9388-5856,Male,1975-10-29,Allenburgh,Tasmania,Australia,5293,Bronze,2024-03-22,True
CFA7A374B,Beverly,Anderson,icook@example.com,+61804358080,Female,1983-06-07,New Valerie,Western Australia,Australia,2929,Silver,2025-03-15,True
C5A51184D,Michael,Cohen,jimenezjohn@example.com,1242-6927,Male,1989-10-20,Guyhaven,Northern Territory,Australia,2074,Bronze,2023-06-29,True
CF836B459,Frank,Perez,fgonzalez@example.net,08 5223 0709,Male,2002-11-30,North Roy,New South Wales,Australia,2645,Platinum,2023-01-26,True
CD6A28375,Lisa,Williams,calvin75@example.org,+61-7-0604-8861,Female,1992-04-15,North Heather,Australian Capital Territory,Australia,2899,Bronze,2022-05-30,True
CAB1EAB9B,Brad,Cortez,qhendricks@example.com,(03) 1328 1061,Male,1999-06-13,New Steven,Queensland,Australia,0955,Silver,2025-01-20,True
C4ED229A1,Morgan,Fletcher,pbanks@example.com,0412-454-243,Female,1999-09-26,Marshallberg,Queensland,Australia,2656,Bronze,2025-05-05,True
C7A726232,Michelle,Ray,bmueller@example.com,+61.421.756.363,Female,1972-12-06,East Sarahberg,Western Australia,Australia,2984,Bronze,2024-12-31,True
CBDA184D3,Joshua,Jennings,ffoley@example.net,5030-2524,Male,2001-05-23,West Shelley,Western Australia,Australia,2626,Bronze,2024-09-09,True
CA098ECEA,Laura,Robertson,eric59@example.org,+61-3-3574-0717,Female,1948-12-20,Smithmouth,Tasmania,Australia,2246,Bronze,2025-01-18,True
C5D394937,Shannon,Martin,samuelcooper@example.com,(08)-8282-0044,Male,1968-05-23,St. Jessicaview,New South Wales,Australia,2637,Silver,2021-11-05,True
C01008268,Sara,Mosley,brendastanley@example.org,+61 451 252 113,Female,1978-10-31,Susantown,Australian Capital Territory,Australia,2935,Bronze,2021-10-09,True
C100817E1,Paul,Reeves,robertaustin@example.com,+61828272775,Male,1967-11-16,Melissaville,Western Australia,Australia,0247,Gold,2021-08-27,True
C802E18A5,Peter,Booth,jameshall@example.net,4444 6552,Male,1968-01-29,Lowechester,Victoria,Australia,2677,Bronze,2025-12-13,True
C8628DA7E,Stephanie,Alvarez,bryantsara@example.net,(02).5759.3962,Female,2003-03-30,New Reginaldburgh,Queensland,Australia,2727,Silver,2025-07-10,True
C078D74D7,Allen,Smith,mollyleach@example.net,0428-923-654,Male,1976-08-17,West Kellymouth,Australian Capital Territory,Australia,2920,Bronze,2024-01-28,True
C9044C83F,James,Watkins,dhendrix@example.com,02-5958-3911,Male,1958-12-22,Davidhaven,Australian Capital Territory,Australia,2920,Bronze,2024-01-27,False
CD5F46442,James,Shaw,ulucas@example.net,+61.2.7627.4175,Male,1955-11-24,Vazquezburgh,Victoria,Australia,7610,Bronze,2021-09-17,False
CDCA9E7C4,Zachary,Smith,vincentowens@example.net,03.6070.9070,Male,1992-08-10,Roberthaven,Tasmania,Australia,2687,Bronze,2021-11-27,True
C7861111F,Amber,Copeland,johnnyhunt@example.com,0250362716,Female,1994-04-14,Bakerfurt,South Australia,Australia,0245,Bronze,2022-04-21,True
CE7914471,Holly,Landry,flowerssamantha@example.org,+61211430529,Female,1963-06-17,Sylviamouth,Northern Territory,Australia,2666,Bronze,2026-01-25,True
CC939CD74,Lori,Brown,howardstephen@example.com,+61-463-123-556,Female,1991-11-06,Mitchellchester,Australian Capital Territory,Australia,2948,Silver,2023-01-29,True
C2946B106,Joshua,Adams,grayedward@example.com,5639.9545,Male,2002-01-21,Jennyhaven,Australian Capital Territory,Australia,7489,Bronze,2023-12-25,True
C0CF719F3,Joshua,Burke,sparkshoward@example.com,+61 439 636 708,Male,1956-01-16,Davisside,Victoria,Australia,2690,Bronze,2022-02-06,True
C5CD91624,Jeffrey,Wallace,jacob44@example.net,0784160142,Male,1977-06-21,Hamiltonborough,Australian Capital Territory,Australia,2931,Bronze,2022-04-11,False
C8A71A075,Ian,Brown,qboyle@example.org,08.0342.6603,Male,1994-10-29,South Christopherfurt,South Australia,Australia,2989,Silver,2026-01-17,True
C8E1152A8,Robert,Santos,rhaney@example.org,2600-0636,Male,1990-04-13,South Daniel,Victoria,Australia,2971,Gold,2023-01-13,True
C67666950,Jesse,Quinn,dhill@example.net,+61.8.6483.1914,Male,1952-01-28,Craigview,Australian Capital Territory,Australia,7706,Bronze,2022-06-01,True
C7C450973,Tina,Hill,xhansen@example.com,0415.353.159,Female,1969-05-16,Erinstad,Northern Territory,Australia,3421,Bronze,2022-08-15,True
CCCFDAA16,Linda,Henderson,cindy73@example.net,0493.876.124,Female,1954-02-21,Port Billy,Western Australia,Australia,2613,Bronze,2021-08-11,True
C3E270112,Sarah,Burgess,campbellsherry@example.net,8572 4844,Female,1993-08-10,Kaitlinhaven,Tasmania,Australia,2398,Bronze,2022-07-25,True
CF91861DE,Benjamin,Fox,qosborn@example.org,69184312,Male,1962-12-03,Lake Johnfort,Tasmania,Australia,4470,Silver,2024-03-15,True
C30429E4A,Lori,Jones,pjordan@example.com,(03)27919996,Female,1980-01-29,Port Caseyborough,Western Australia,Australia,8542,Bronze,2022-12-23,True
C305213B4,Peter,Gordon,ujones@example.org,+61-7-0497-4588,Male,1998-02-13,Port Marymouth,Western Australia,Australia,2675,Gold,2022-04-30,True
C1D0EB024,Gregory,Turner,renee86@example.com,02 1759 4869,Male,1997-11-23,Lake Ericaville,Tasmania,Australia,2627,Silver,2024-01-29,True
CBE780A15,Logan,Sims,lhurst@example.net,+61874075341,Male,1972-06-03,Leonardshire,South Australia,Australia,2293,Bronze,2026-06-11,False
CF6F1EE88,Christopher,Hawkins,heather93@example.org,1308 3839,Male,1963-12-24,South Williamside,Western Australia,Australia,2619,Bronze,2024-03-26,True
C512FEFB6,Bradley,May,david59@example.com,+61-3-3707-5397,Male,1996-08-18,Fosterchester,Tasmania,Australia,2661,Silver,2024-07-18,True
C1282EB7B,Paula,Kaiser,gary51@example.net,0411-133-230,Female,1947-11-17,Nicoleport,Tasmania,Australia,2635,Silver,2024-03-07,True
C9C639F6C,Luke,Simon,brookemiller@example.com,0449.982.244,Male,1961-09-14,Villanuevaview,Victoria,Australia,0977,Bronze,2023-04-26,True
C9A8FBCA9,Diana,Frost,moralestracy@example.com,1691-3299,Female,1978-11-16,East Kathryn,Northern Territory,Australia,2613,Gold,2023-02-01,True
C6022B18F,Joseph,Booth,allenrichard@example.net,18340410,Male,1974-07-30,West Pamelastad,Queensland,Australia,2913,Silver,2022-01-05,True
C5BCA959E,Alec,Montes,lanekeith@example.com,+61 470 397 674,Male,1955-04-30,Pattersontown,Australian Capital Territory,Australia,2924,Bronze,2023-11-28,True
CC3CFD6A3,Renee,Mason,thomas71@example.net,0094 2705,Female,1962-07-17,Sherryborough,New South Wales,Australia,2086,Silver,2022-05-24,False
CDF56B284,Sean,Dean,kthompson@example.com,(08)65869931,Male,1981-03-26,Waltontown,Victoria,Australia,2902,Bronze,2023-06-07,True
C86754B1F,Cindy,Ross,jessemiller@example.com,+61-3-6099-7022,Female,1968-11-13,Greenebury,Western Australia,Australia,2967,Silver,2022-01-11,True
CD9104817,Sandra,Mitchell,webbsamantha@example.net,7997 3046,Female,2004-11-04,Scottburgh,New South Wales,Australia,2657,Bronze,2023-05-05,False
C85C69480,Brandon,Martin,ilyons@example.net,0450 812 131,Male,1952-01-25,Shaneville,South Australia,Australia,9552,Silver,2024-04-03,False
CE2CEF43C,Mark,Mendez,tamarasmith@example.net,+61.410.864.006,Male,1993-03-10,Penastad,Tasmania,Australia,2298,Gold,2025-04-12,True
C8CDD4061,Lisa,Harper,thomasrichard@example.net,02683556,Female,1987-02-05,Mezaburgh,Western Australia,Australia,0858,Bronze,2025-09-07,True
CB074DEC8,Stephanie,Burnett,qarnold@example.org,0449.361.850,Female,1988-03-03,St. Zacharyville,Tasmania,Australia,2625,Silver,2024-01-03,True
CEC329DF2,Christina,Peterson,pacealan@example.com,57581722,Female,1981-02-04,Lake Jonside,Northern Territory,Australia,2987,Bronze,2026-04-20,True
C920C26D7,Joyce,Baker,autumnlee@example.net,2600-4834,Female,1962-11-15,St. Jacquelinefurt,Queensland,Australia,0901,Silver,2023-03-05,True
C0881E6C7,Christina,Garner,laurie93@example.org,+61.2.0930.3874,Female,1983-01-13,East Patricia,New South Wales,Australia,2130,Gold,2025-02-10,True
C143FC0B4,Amanda,Phillips,bentonjacob@example.com,+61-414-489-158,Female,2005-12-23,West Josephborough,Tasmania,Australia,2661,Bronze,2024-10-16,True
C9719B7AB,Andrew,Archer,brettmoore@example.net,03-2614-3322,Male,1946-10-04,Johnborough,Northern Territory,Australia,2670,Bronze,2026-07-01,True
C1F400F87,Jeffrey,Davis,susanestes@example.com,+61 404 374 264,Male,1979-12-25,Caitlinland,New South Wales,Australia,2930,Bronze,2024-06-17,True
CD1B52634,Anita,Nguyen,qshah@example.com,4380.6287,Female,1951-12-26,Jensenstad,Australian Capital Territory,Australia,2917,Bronze,2026-06-29,True
C772F1804,Anna,Adams,tperry@example.com,43220235,Female,1963-03-03,South Melissa,Queensland,Australia,2654,Silver,2025-12-04,True
CF0DC4F6A,Wesley,Goodman,mackbrett@example.com,1340.2236,Male,1978-03-01,South Stephanieton,Queensland,Australia,2920,Bronze,2022-02-23,True
C9005DE3E,Jon,Mcconnell,marvin76@example.com,07-6404-2225,Male,1993-04-02,Joshuaborough,South Australia,Australia,7820,Bronze,2023-03-29,True
C62D8EB03,David,Weeks,hojoseph@example.com,+61 7 1557 0542,Male,1968-11-03,Nguyenburgh,South Australia,Australia,2604,Bronze,2022-09-11,True
C0D3449E6,Paul,Wolf,theresa16@example.org,+61878767719,Male,1964-06-10,Martinborough,Victoria,Australia,2920,Bronze,2024-03-20,True
C246449B5,Jonathon,Glover,susan45@example.net,0419.896.484,Male,1999-09-10,Lake Glenn,Australian Capital Territory,Australia,2604,Bronze,2024-03-11,True
CCDF7D941,Wesley,Lopez,brittany48@example.net,3744 5482,Male,1979-08-12,North Craigfurt,Queensland,Australia,8495,Platinum,2024-03-03,False
CA1F10F32,Brian,Becker,rjones@example.com,8639.8311,Male,1957-06-08,St. Kendra,Australian Capital Territory,Australia,2382,Bronze,2024-12-12,True
C77F28867,Kimberly,Daniel,rwallace@example.org,+61.407.107.115,Female,1959-09-20,Thompsonland,Australian Capital Territory,Australia,2605,Platinum,2021-12-26,True
CE6D57085,Kenneth,Humphrey,qreese@example.net,9545.1547,Male,1989-07-12,Johnmouth,Tasmania,Australia,2972,Bronze,2022-04-23,False
C099978A7,Raymond,Sparks,jeremygarza@example.com,07-9768-0918,Male,1988-12-31,Josephburgh,Victoria,Australia,2673,Bronze,2024-03-24,True
C13DD2891,Ryan,Lin,mjordan@example.com,08 8746 8801,Male,1978-12-23,Lake Deborahmouth,New South Wales,Australia,2985,Bronze,2024-05-27,True
CA573223E,Amanda,Miller,michelleparks@example.net,03.8543.5093,Female,1973-03-12,Walkerton,Tasmania,Australia,2620,Bronze,2021-09-28,True
C2D1071EA,Brandi,Smith,david69@example.org,03.8936.7238,Female,1970-05-12,Port Samantha,Victoria,Australia,2993,Silver,2024-01-03,True
CB6485062,Brian,Gomez,jmurphy@example.com,+61.414.143.934,Male,1981-09-17,Garyburgh,Northern Territory,Australia,2919,Bronze,2023-05-16,True
C9DF59222,Barbara,Olson,powelljoshua@example.com,+61 479 045 841,Female,1991-12-06,Johnmouth,Northern Territory,Australia,2630,Bronze,2023-07-29,False
CFDDBC8BD,Andrew,Keith,william86@example.net,+61 463 010 722,Male,1972-12-21,New Ronald,New South Wales,Australia,2697,Silver,2025-07-29,True
C820C5CAC,Catherine,Wright,danagardner@example.net,07.9436.6694,Female,1957-02-06,Port Johnfort,Australian Capital Territory,Australia,7852,Platinum,2025-05-28,False
CD663044A,Cory,Melton,lwilliams@example.net,(02)-3183-1336,Male,1984-06-05,Fischerfort,Western Australia,Australia,2918,Gold,2024-06-06,False
C06A7C352,Melissa,Kim,markharris@example.org,5204.1857,Female,1947-06-28,Arroyohaven,Northern Territory,Australia,8887,Silver,2021-08-25,True
C9F08A54B,Robert,Little,kathleencook@example.net,(02)99066503,Male,1980-11-26,Margaretside,Western Australia,Australia,2885,Bronze,2024-05-15,True
C11CABC1F,Lisa,Nelson,cdavis@example.net,3794.8239,Female,1960-03-15,Lawrencemouth,Australian Capital Territory,Australia,7451,Bronze,2026-02-26,False
C38F26FB0,Candice,Jones,ksmith@example.net,3267 9951,Female,1994-12-16,East Reginaville,Queensland,Australia,2948,Gold,2026-01-29,False
C8692AC85,Nicole,Carr,patriciaalvarado@example.com,+61823947938,Female,1957-05-29,Richardberg,New South Wales,Australia,2668,Silver,2023-01-16,True
CF4A364E0,Dustin,Mendoza,johnsonkatrina@example.com,+61383346762,Male,1949-02-28,New Lynn,Tasmania,Australia,0229,Silver,2023-08-07,True
C69913B09,John,Gregory,tboyle@example.org,(02)-2166-5492,Male,1961-10-23,Wilsontown,Australian Capital Territory,Australia,2621,Silver,2025-04-16,True
C22AA69BA,Peter,Martin,robertsonjeffrey@example.com,6879-8458,Male,1945-12-08,Port Deborahtown,South Australia,Australia,2667,Bronze,2026-02-26,True
C710FAD0B,Maurice,Taylor,athompson@example.net,+61.455.975.737,Male,1955-02-11,South Teresaton,Northern Territory,Australia,2960,Gold,2024-10-26,True
CF3C703D7,Michael,Mitchell,glenntaylor@example.org,(08)08335196,Male,1990-08-18,West Williamborough,Northern Territory,Australia,2485,Platinum,2025-08-29,True
C2F80C2B9,Michael,Ayala,danielespinoza@example.com,0218459283,Male,2004-07-15,St. Brianchester,Queensland,Australia,2770,Platinum,2022-10-07,True
C826C7538,Megan,Smith,simpsonjessica@example.org,02.8731.7844,Female,2006-03-16,Anitamouth,South Australia,Australia,2606,Silver,2024-05-18,False
CA8E75A99,Alicia,Lee,reiddaniel@example.net,(08).5558.6283,Female,1970-03-15,Williamsonhaven,South Australia,Australia,2430,Platinum,2022-08-12,True
CBA0E1D5A,Megan,Powell,sara40@example.com,+61-430-034-754,Female,2002-03-04,Port Tammyfurt,Victoria,Australia,2115,Bronze,2025-05-24,True
C4B119168,Ryan,Morris,thomasrobert@example.com,1914.9019,Male,1970-03-16,Dudleyborough,South Australia,Australia,4553,Platinum,2023-10-09,False
C8BA422D1,Jennifer,Webster,kanedanielle@example.net,0766793294,Female,1960-06-14,Lindatown,South Australia,Australia,2648,Silver,2025-05-24,True
CD47A8738,Jane,Whitney,peter17@example.com,0405-358-470,Female,1970-03-31,East Stephenberg,South Australia,Australia,2000,Bronze,2025-12-19,True
C34DE2BA3,Dustin,Hughes,davidmorgan@example.org,(07)07451258,Male,1980-09-01,North Stephenburgh,Tasmania,Australia,5552,Bronze,2024-02-29,True
C11019C0D,Sylvia,Nichols,gmiller@example.com,(08) 1677 3143,Female,1962-05-20,Costamouth,Queensland,Australia,2247,Bronze,2026-03-09,True
C9465178C,Todd,Johnson,samanthahamilton@example.com,+61.443.707.486,Male,1959-01-04,Port Derrickchester,New South Wales,Australia,2229,Bronze,2023-06-22,True
C113C9CF0,James,Solis,astephens@example.com,+61-419-709-143,Male,1974-03-17,Roblesmouth,Tasmania,Australia,5901,Bronze,2022-05-28,False
CA0382980,Logan,Peterson,amy89@example.com,+61-438-056-366,Male,1960-04-04,Stephenport,Tasmania,Australia,5554,Silver,2026-01-26,True
C2F084D38,John,Powell,zmarsh@example.org,0402.553.444,Male,2008-05-26,East Todd,Tasmania,Australia,2976,Bronze,2025-03-11,True
C545CD6D4,Craig,Rodriguez,nhernandez@example.org,0411-087-044,Male,1998-10-26,Maryborough,Northern Territory,Australia,2668,Silver,2024-03-12,True
C30F0CBB5,Tonya,Smith,stephanie74@example.com,(02)64079668,Female,1954-01-13,South Thomasmouth,Queensland,Australia,2647,Bronze,2025-07-11,True
C858F2F9F,Kimberly,Ellis,renee75@example.com,9947-0594,Female,1966-03-02,Millerfurt,Australian Capital Territory,Australia,2971,Silver,2023-08-01,True
CFEE00C69,Nancy,Mccarthy,russellanthony@example.net,0487 927 247,Female,2001-10-26,West Raymond,New South Wales,Australia,2853,Bronze,2025-07-28,True
CC46EFE33,Luis,Arellano,jason09@example.net,+61-497-658-604,Male,1951-04-04,Lake Hunter,Western Australia,Australia,2935,Gold,2024-12-05,True
C7B950D97,David,Farmer,vlowery@example.com,02-6768-7218,Male,1982-02-22,Lake Christophertown,Australian Capital Territory,Australia,2607,Silver,2024-04-08,True
C5C84308E,Kimberly,Roberts,nathanielvillarreal@example.com,0421.005.071,Female,1956-05-07,Robertsville,South Australia,Australia,9838,Bronze,2024-01-21,True
CAACB1878,Joel,Mueller,jacobsalexis@example.net,+61 491 498 738,Male,2003-09-24,Griffinville,Tasmania,Australia,2966,Silver,2022-04-22,True
CF968E5F8,Alexis,Coleman,nelsonlevi@example.net,(08)06391988,Female,1981-01-06,Lake Raymondview,Victoria,Australia,2948,Bronze,2026-05-20,True
C6AA092E4,Renee,French,ybrown@example.org,0496.442.366,Female,2008-06-11,South Rebecca,Victoria,Australia,0840,Platinum,2024-06-18,True
C11D251CA,Lisa,Hansen,sarah43@example.org,+61-469-334-267,Female,1995-07-18,East Robertberg,Tasmania,Australia,2603,Platinum,2023-09-02,True
C967EF878,Marisa,Sawyer,jeremymartin@example.net,+61 3 0379 8243,Female,1962-01-18,St. Charles,Australian Capital Territory,Australia,2603,Silver,2021-10-07,True
CDBBCCA57,Logan,Washington,ashley05@example.net,+61 461 384 489,Male,1993-05-27,Felicialand,Australian Capital Territory,Australia,0948,Bronze,2022-07-16,True
C58D5197C,Amy,Arroyo,dwayne96@example.org,(03) 3925 3548,Female,1990-02-14,Tapiaport,Victoria,Australia,0818,Silver,2024-05-19,True
C41BCF216,James,Henry,marc74@example.org,+61 2 9751 7140,Male,1972-11-14,Blanchardberg,South Australia,Australia,3802,Gold,2024-10-24,True
C386DACFA,Tammy,Johnson,justin83@example.com,(03) 4841 7865,Female,1985-04-11,New Morganstad,Northern Territory,Australia,2962,Silver,2022-10-14,True
CF28D6AF4,James,Perez,robertbeck@example.com,6054 2024,Male,1960-05-18,West Danielmouth,Northern Territory,Australia,2083,Bronze,2022-06-17,True
C5F61DFBD,Matthew,Harvey,jrodriguez@example.com,13122596,Male,1956-07-18,Michaelburgh,Northern Territory,Australia,2968,Bronze,2023-01-12,True
CF5725601,Megan,Ingram,khale@example.org,0325589320,Female,1970-09-22,Port George,South Australia,Australia,2722,Gold,2021-12-26,True
CD361A95A,Jesse,Lopez,aguilaranthony@example.org,(08).4239.7552,Male,1975-02-14,Johnbury,Queensland,Australia,0240,Bronze,2025-11-17,True
C080A9E3D,Alicia,Lucas,smithregina@example.org,+61 3 2857 4311,Female,1980-09-24,New Thomas,Tasmania,Australia,2978,Bronze,2025-06-12,True
C508E2D92,Robert,Smith,santostim@example.org,0860410754,Male,1997-12-02,Port Paige,Western Australia,Australia,2662,Bronze,2026-04-09,True
C26E649EE,Emily,Dickson,connerabigail@example.com,+61.3.7934.0851,Female,1971-05-22,New Gail,New South Wales,Australia,2610,Silver,2025-03-20,True
C5885FC90,Laura,Garcia,yfleming@example.net,(08) 9344 5255,Female,1957-03-06,Denisestad,Western Australia,Australia,2915,Bronze,2023-03-05,True
C6A3530CD,Kiara,Wilkinson,marcsutton@example.com,4885 3220,Female,1976-04-30,Dawnchester,Northern Territory,Australia,0219,Gold,2025-11-19,True
CB9B9250D,Brianna,Hill,christinagentry@example.com,(02)42457638,Female,1970-03-07,Flynnland,Northern Territory,Australia,2968,Silver,2022-12-07,True
C96D2FA80,Courtney,Gentry,romanjeffery@example.net,03.1015.8276,Female,2004-09-25,Wadeport,South Australia,Australia,2624,Gold,2023-09-01,True
C2E7245AE,Megan,Ho,wilsonmason@example.com,+61.477.285.237,Female,2000-12-27,South Megan,Tasmania,Australia,2924,Platinum,2022-12-09,True
C8472E52D,Kenneth,Lara,michellevaldez@example.net,0400 200 587,Male,1988-08-05,West Michael,New South Wales,Australia,2910,Silver,2026-04-10,True
C91A3CC78,Jessica,Dawson,codyjackson@example.com,(02)75637444,Female,1990-01-08,Marquezmouth,Australian Capital Territory,Australia,2925,Bronze,2023-01-05,True
CCC7888A5,Ralph,Ford,williamscarrie@example.com,0455 639 251,Male,1951-09-14,Lake Kayla,New South Wales,Australia,2979,Gold,2026-04-29,True
C4C47723E,Ryan,Luna,sarah13@example.net,+61-3-8895-7736,Male,1970-09-08,Port Michelle,Australian Capital Territory,Australia,2959,Bronze,2021-12-19,True
C2FD49584,David,Price,omccarty@example.com,(02)86096408,Male,1974-06-25,North Mariatown,Australian Capital Territory,Australia,2665,Bronze,2024-01-19,True
C3D168118,Thomas,Fields,kevin36@example.net,80843954,Male,2001-10-03,Pamelaton,Australian Capital Territory,Australia,7551,Bronze,2025-06-02,True
C21CD9F3B,Christian,Cooke,harry35@example.com,1157.2553,Male,1982-11-22,Elizabethfort,Victoria,Australia,7864,Bronze,2026-02-15,True
C157B1EA4,Jennifer,Heath,michellewashington@example.net,(02) 7335 7529,Female,1985-12-22,Jenniferburgh,Australian Capital Territory,Australia,2936,Bronze,2022-01-31,True
C48D0CA94,Theresa,Mcintosh,wanda32@example.org,0855425347,Female,1946-04-14,Petersonland,Northern Territory,Australia,2967,Bronze,2023-03-20,True
CB7BF217A,Rebecca,Gonzalez,kimmichael@example.com,02-7546-8274,Female,1984-04-25,North Michellefort,Northern Territory,Australia,2804,Bronze,2025-09-16,True
C16CA0643,Arthur,Moody,millerzachary@example.org,(02) 6417 3134,Male,1954-07-20,North Emilyland,South Australia,Australia,2618,Gold,2025-01-16,True
C6E730266,Robert,Anderson,raydavid@example.com,(07) 6094 3994,Male,1968-08-08,Cameronport,Australian Capital Territory,Australia,2673,Bronze,2025-06-21,True
CC6D468BB,Joyce,Diaz,craigdixon@example.com,(07)28777967,Female,1961-11-16,Karenmouth,New South Wales,Australia,3507,Bronze,2022-09-21,True
CD1926219,Rebecca,Wagner,adean@example.com,0409 5981,Female,1973-08-11,Lake Omar,Western Australia,Australia,7090,Bronze,2022-02-09,True
C67866E16,Brandon,Mcpherson,willisroger@example.net,+61765690195,Male,2002-01-01,Port Kevinbury,Northern Territory,Australia,2766,Bronze,2024-10-16,False
C623A1B8D,Sarah,Bryant,bradley02@example.com,0760969319,Female,2007-08-28,North Tanya,Queensland,Australia,7901,Bronze,2022-11-19,False
C862F31FE,Julie,Campbell,mendezclinton@example.com,+61 3 8633 1315,Female,1980-11-06,East Jessica,South Australia,Australia,3576,Silver,2022-08-25,False
C076A7FC7,Brittany,Lee,manuelmcdonald@example.net,0448-485-605,Female,2001-05-17,Lake Jessica,Northern Territory,Australia,2240,Bronze,2021-11-03,True
CCBCB2664,James,Flynn,susan31@example.net,0411-129-418,Male,1965-03-22,St. Michael,Queensland,Australia,2626,Silver,2025-05-08,True
C5394BCD0,Stephen,Callahan,darrellashley@example.org,07.0926.8218,Male,1980-02-19,Christinaburgh,Tasmania,Australia,2603,Silver,2024-09-20,True
C4499AFE2,Grace,Nelson,amiles@example.org,+61.408.245.597,Female,1946-09-23,Ashleybury,New South Wales,Australia,2935,Gold,2023-04-23,True
C6C4EE2FF,Rebecca,Anderson,jamesacosta@example.net,0445-883-933,Female,1966-03-24,Pottsfurt,Northern Territory,Australia,3722,Bronze,2021-10-20,True
C46EBCEA3,Kara,Lopez,piercemitchell@example.org,(07)-5171-2062,Female,1950-11-01,Joshuaton,Victoria,Australia,2621,Gold,2022-10-30,True
C6C378B6D,Scott,Williams,edavis@example.org,+61.3.2723.8082,Male,2000-07-16,St. Lori,Western Australia,Australia,2619,Bronze,2023-04-11,False
C5CA6BB45,Crystal,Haas,emartin@example.com,(07)-6927-0065,Female,2001-03-25,St. Markhaven,Northern Territory,Australia,2976,Silver,2022-05-03,True
C6FB2EC20,Karen,Wade,lori64@example.org,9049 3711,Female,1950-10-05,Port Kellymouth,Western Australia,Australia,2956,Bronze,2021-08-11,True
CAA99712B,Barry,Knox,lorrainejackson@example.com,(02)-7603-7952,Male,1986-09-04,Moonside,South Australia,Australia,2298,Gold,2025-07-15,True
CE8CFC423,Travis,Luna,browncorey@example.net,08-5543-5446,Male,2003-02-08,Port Gabriel,Australian Capital Territory,Australia,2635,Gold,2023-10-28,True
C66960EB1,Austin,Glenn,erinmitchell@example.com,08-7707-7988,Male,1967-01-05,Justinville,Australian Capital Territory,Australia,2664,Bronze,2022-07-21,True
C156EC3DC,Julie,Burke,icervantes@example.org,0712191264,Female,1948-11-25,East Loretta,Northern Territory,Australia,2920,Bronze,2025-09-30,True
C4EA511A5,Sarah,Wood,bryan82@example.org,(08)-9817-2678,Female,1950-06-03,Julieton,Queensland,Australia,2985,Bronze,2024-04-26,True
CFD73663E,Jessica,Rodriguez,caroljones@example.org,+61-464-579-457,Female,1997-04-14,New Amy,New South Wales,Australia,0231,Platinum,2022-10-21,True
C95FE4ED1,George,Watson,gabriellegarcia@example.org,(07) 6866 2766,Male,2005-12-31,New Cathytown,Tasmania,Australia,9954,Bronze,2021-12-25,True
CE984FBFE,Taylor,Allen,amandamiller@example.org,1506.8773,Female,1989-09-06,West Stephenton,Western Australia,Australia,2931,Bronze,2023-09-13,False
C07BB60EC,Jason,Williams,tonyjones@example.net,0408 463 195,Male,1963-12-19,East Ellenmouth,Australian Capital Territory,Australia,2665,Bronze,2025-12-13,True
CA9C1F935,Alejandro,Jones,joshuamurillo@example.org,03-6271-6986,Male,2002-10-02,West Thomas,Tasmania,Australia,2651,Silver,2022-02-21,True
C565CF215,Shawn,Rose,james71@example.com,61605527,Male,1946-08-20,Port Rachel,Victoria,Australia,2696,Bronze,2025-01-07,True
C7305F685,Deborah,Clark,darlenehoffman@example.org,(02).2738.2527,Female,1999-02-09,Bradleyborough,Western Australia,Australia,2948,Gold,2021-09-30,True
C7B869331,Philip,Rollins,dawnglass@example.org,+61-8-3377-6209,Male,1991-11-22,Branchtown,South Australia,Australia,2628,Bronze,2025-02-15,True
C1542F1D3,Lauren,Edwards,bruce70@example.net,08 3327 4084,Female,1960-05-09,Jerryton,Australian Capital Territory,Australia,2624,Bronze,2023-04-17,False
C2A7D5561,Judy,Owens,jasonhill@example.net,+61-437-984-899,Female,1956-08-07,Port Mark,Northern Territory,Australia,2030,Bronze,2023-06-27,True
CFB5C7DFD,Courtney,Lopez,patrick09@example.com,0442.068.291,Female,1978-06-14,Lydiaville,Western Australia,Australia,2912,Bronze,2022-09-15,True
C887FBA87,Paul,Thompson,christopher44@example.org,+61 3 8032 3457,Male,1950-09-04,West Brenda,Queensland,Australia,5074,Bronze,2026-07-10,False
CC24719E8,Paul,Oconnell,carmensmith@example.com,(03)-7041-5177,Male,1998-02-26,Smithfort,New South Wales,Australia,2976,Bronze,2024-12-12,True
C2A007CC0,Alexis,Hopkins,anthony58@example.com,+61-431-327-454,Female,1960-05-31,Taylorland,South Australia,Australia,2904,Bronze,2022-08-31,True
C4BB8B868,James,Gonzalez,mary48@example.org,+61 467 751 990,Male,1989-12-18,Huntland,Tasmania,Australia,2983,Bronze,2026-05-19,True
CB1563AE7,Kathy,Shaffer,ayates@example.net,07-6947-1251,Female,1981-11-06,Port Jason,Victoria,Australia,2651,Bronze,2024-06-18,True
CB2D5E65C,Sean,Rodriguez,edwardsdwayne@example.org,(07).8134.4105,Male,1952-11-13,St. Holly,New South Wales,Australia,2907,Silver,2026-02-25,True
C48CC39E6,Daniel,Patterson,robertowilliams@example.org,(07) 8814 4847,Male,1976-09-23,North Courtneyfort,Victoria,Australia,2640,Bronze,2024-10-23,True
C3D455012,Hunter,Edwards,claudia97@example.com,0471 774 611,Male,1989-10-23,Jonathanhaven,Tasmania,Australia,2667,Gold,2025-06-28,True
C8F32AFF6,Michael,Austin,wallacerobert@example.com,+61 8 9598 6999,Male,1953-02-05,Friedmanmouth,Australian Capital Territory,Australia,2619,Gold,2024-02-15,True
CF2E6A719,Isaac,Griffith,huntergeorge@example.org,0755333740,Male,2005-10-12,New Joseph,South Australia,Australia,2988,Bronze,2022-02-20,True
C5DCFA67B,Cynthia,Brooks,ralexander@example.net,(03)18451362,Female,1974-02-24,Lake Kristenmouth,Queensland,Australia,2610,Gold,2023-08-24,True
CF8575108,Amy,Fowler,timothy66@example.net,08 1952 1321,Female,2000-07-02,Leehaven,Tasmania,Australia,2956,Silver,2024-12-27,True
C9DDBAC45,Carl,Navarro,olsenlaura@example.com,9400.0344,Male,1950-07-16,Port Melissa,Queensland,Australia,2954,Bronze,2023-05-14,True
CC08C91A3,Dylan,Gregory,fford@example.com,03.9636.9151,Male,1991-08-13,South John,Queensland,Australia,2080,Bronze,2023-05-26,True
C8C73EF11,Christopher,Cabrera,johnlawrence@example.net,3675-2008,Male,1974-06-02,Lake Michaelshire,South Australia,Australia,0894,Bronze,2026-03-15,True
C97D36D59,Mary,Thomas,fredwhite@example.org,+61 7 2177 5337,Female,1981-02-08,East Kylebury,Tasmania,Australia,5412,Bronze,2023-02-14,False
C773BDED1,Jessica,Turner,mitchellpatrick@example.net,4358.4734,Female,1989-03-21,New Davidbury,New South Wales,Australia,2935,Gold,2024-03-13,True
CC14F091B,Daisy,Keller,carpenterjohn@example.com,(08).6380.7027,Female,1962-04-25,East Brandonburgh,New South Wales,Australia,0811,Silver,2024-03-05,True
C2A264952,Christie,Harper,john74@example.com,+61-434-131-812,Female,1961-12-21,St. Nicholasbury,Victoria,Australia,9897,Silver,2021-10-12,True
C307400E7,Keith,Green,jasmine61@example.com,0422-138-081,Male,1958-03-16,Harrisfurt,South Australia,Australia,5439,Silver,2023-04-05,True
CE187A818,Robert,Bullock,carneyrobert@example.org,+61.8.4329.5620,Male,1961-06-24,Adamsfort,Queensland,Australia,2619,Bronze,2023-05-09,True
C0B0FB705,Stephen,Jenkins,jennifer13@example.com,+61-7-3697-2581,Male,1980-08-21,Wilsonport,Western Australia,Australia,7168,Silver,2025-03-05,True
C24B5E17A,Jennifer,Brandt,dalton82@example.org,5043-7282,Female,1992-12-28,St. Kyleview,Australian Capital Territory,Australia,3762,Bronze,2022-10-11,True
C1B61F834,Michael,Schroeder,rogersdarren@example.com,+61.423.215.496,Male,1974-03-10,Mcdonaldmouth,South Australia,Australia,2658,Silver,2023-09-06,True
CD43AEF24,Madeline,Meyer,lisacortez@example.net,(08).1609.9324,Female,1983-08-19,East Davidmouth,Victoria,Australia,2639,Bronze,2022-11-19,True
CC51BC83F,Dustin,Owen,margaretvelasquez@example.com,9055 6900,Male,2001-06-24,West Jeremy,Western Australia,Australia,2976,Bronze,2021-10-11,True
C6D826D2D,Lisa,Lee,richardcardenas@example.com,02-4903-8129,Female,1952-12-18,Port Alan,Northern Territory,Australia,2957,Bronze,2023-08-27,True
C40C0F875,Stacey,Pacheco,kelsey76@example.com,(07)89546065,Female,1983-08-15,Melissaberg,Tasmania,Australia,7458,Platinum,2023-08-19,True
CA530D103,Sabrina,Humphrey,jacksonvirginia@example.com,+61-3-4969-5974,Female,1997-01-14,South Paultown,Victoria,Australia,9736,Bronze,2025-02-08,False
CFD2A3C39,Janice,Garza,jessica17@example.net,3784-3444,Female,1977-10-01,Palmerhaven,Australian Capital Territory,Australia,2992,Silver,2025-03-24,True
CE89BEA74,Julie,Lane,jacksonashley@example.com,+61204521831,Female,1949-11-07,New Austin,Australian Capital Territory,Australia,2970,Silver,2025-09-09,False
C937B1076,Robert,Delgado,bcoleman@example.com,0466.650.856,Male,1981-07-14,Kevinton,Australian Capital Territory,Australia,2161,Bronze,2022-08-03,True
C454579A5,Wendy,Morris,longashley@example.com,2772-2238,Female,2002-04-08,East Brianfurt,South Australia,Australia,2581,Bronze,2026-03-19,False
CA9F81B11,Patrick,Graham,donald36@example.com,(03) 3287 2734,Male,1990-02-24,Gwendolynburgh,New South Wales,Australia,2201,Bronze,2023-05-24,True
C4D3FCFD9,Antonio,Long,rcaldwell@example.org,8013 5284,Male,1998-02-18,North Michelle,Australian Capital Territory,Australia,2954,Bronze,2025-10-01,False
CF502BBE2,Aaron,Spencer,daniel72@example.org,0471-860-678,Male,1988-05-08,Mirandamouth,Australian Capital Territory,Australia,5234,Bronze,2023-10-18,True
C5814E148,Cindy,Rich,yperry@example.net,4956 0850,Female,1978-11-05,New Candice,South Australia,Australia,2958,Silver,2024-04-26,False
C69170B06,Stanley,Ibarra,smithjasmine@example.net,6261-6660,Male,1993-06-17,East Elaine,South Australia,Australia,2940,Bronze,2022-09-12,True
CC2DC140F,Daniel,Murray,johnnychang@example.net,0257774540,Male,2005-01-26,Milesmouth,New South Wales,Australia,4143,Platinum,2025-11-18,True
C6570AB46,Corey,Smith,twright@example.net,2628 3972,Male,1992-12-27,St. Michaelton,South Australia,Australia,2066,Bronze,2026-05-03,True
C2F018935,Elizabeth,Benson,geraldgrimes@example.org,+61 406 761 881,Female,1962-04-22,South Albertville,Northern Territory,Australia,2678,Bronze,2022-03-16,True
CD2656913,Kim,Butler,danielmoore@example.org,+61.7.8177.0155,Female,1998-01-31,South Amyberg,Australian Capital Territory,Australia,2907,Bronze,2022-07-30,True
C61168DBB,Joel,Sawyer,jefferystone@example.com,+61.3.6235.3820,Male,1954-02-23,Aimeechester,Australian Capital Territory,Australia,0837,Bronze,2026-03-19,True
C92C1CEA8,Kimberly,Clark,williamsjustin@example.org,(08)-9804-6262,Female,2003-04-22,West Grace,Western Australia,Australia,2319,Bronze,2025-12-12,True
CCA17E043,Bryce,Palmer,bglass@example.org,+61.441.863.316,Male,1960-02-26,Stoutfurt,Northern Territory,Australia,2956,Platinum,2023-01-02,True
C4691B528,Cody,Wood,elijahthomas@example.net,87837746,Male,1988-01-02,Littleville,South Australia,Australia,2601,Platinum,2024-02-13,True
CD8BEF347,Derrick,Norman,leslie85@example.com,8038.7676,Male,1962-02-20,Donnaview,Queensland,Australia,2933,Bronze,2022-10-02,True
C5CAAA823,Marc,Smith,gking@example.org,+61-7-6704-4255,Male,1965-01-23,South Paulmouth,Australian Capital Territory,Australia,2963,Silver,2024-01-26,False
C05B973EC,Michael,Martinez,hsingh@example.org,(03)-5358-0849,Male,1955-05-14,Hunterfort,Western Australia,Australia,0803,Bronze,2021-11-04,True
C121989FD,Michael,Hunter,kylebullock@example.org,3330.4567,Male,1981-05-30,Clintonbury,Tasmania,Australia,2920,Bronze,2025-09-10,True
C2D16B8C8,Betty,Cochran,waltersloretta@example.net,+61 7 2383 3265,Female,1999-04-12,Kanemouth,Australian Capital Territory,Australia,2615,Silver,2025-02-13,True
C35A0BBDF,Kristopher,Ruiz,vjohnson@example.com,0417-176-476,Male,1960-05-14,Ericberg,New South Wales,Australia,2364,Silver,2026-02-19,True
C20067C75,Nathan,Orr,smithjoseph@example.com,2353-1892,Male,1998-11-03,Whitakerhaven,New South Wales,Australia,2681,Silver,2023-04-13,True
C97DC5D98,Judy,Myers,leachgerald@example.net,9804.7428,Female,1977-06-27,Maxwellchester,Northern Territory,Australia,0299,Silver,2025-11-25,True
C6606E07E,Bethany,Terry,amanda95@example.net,0431-963-300,Female,1947-02-23,St. Jamesview,Western Australia,Australia,2631,Silver,2025-07-29,True
C611018F2,Kelsey,Costa,hernandeztyler@example.com,+61.442.503.388,Female,1981-12-13,Sullivanton,Australian Capital Territory,Australia,2696,Bronze,2023-01-27,True
C1EE1A3A2,Elizabeth,Roberts,rgonzalez@example.org,88943273,Female,1989-07-12,New Jeffrey,Tasmania,Australia,2109,Bronze,2024-09-26,True
C694A84AE,Michael,Jackson,ashley41@example.org,+61.461.052.835,Male,1959-08-08,West Betty,Tasmania,Australia,2662,Bronze,2024-03-24,True
C0B611916,Morgan,Watson,andrew38@example.net,+61-3-5205-8921,Female,2005-05-25,St. Robertport,New South Wales,Australia,9815,Gold,2023-09-09,True
CF077A244,Debra,Stuart,myersterri@example.net,30901050,Female,1957-01-07,Port Margaret,Australian Capital Territory,Australia,2931,Silver,2025-08-16,True
CDD2DE558,Amy,Mason,villegaskathryn@example.org,+61 3 9261 3199,Female,2004-04-17,East Taylor,Northern Territory,Australia,0990,Silver,2026-01-07,True
C76EA2131,Annette,Stewart,lawrencehowell@example.net,(02).0157.6185,Female,2000-02-24,West Kathyville,Northern Territory,Australia,0204,Bronze,2025-01-29,True
C40505061,David,Grant,courtney77@example.com,02.7659.0614,Male,1974-06-08,Lake Christopher,South Australia,Australia,7943,Bronze,2022-01-09,True
C31A3EE1F,Nathaniel,Hale,batesjulia@example.org,08-0506-7013,Male,1990-10-23,Lake Paultown,South Australia,Australia,2920,Silver,2024-07-28,True
C7B01C0A7,Gregory,Chang,zkirk@example.com,(03)-9979-8409,Male,1998-10-19,Arielhaven,Australian Capital Territory,Australia,7887,Bronze,2026-06-06,True
CAAA8FD84,Hayley,Webb,smithbrittany@example.net,75723778,Female,1956-02-12,South Joseph,Queensland,Australia,2900,Silver,2024-11-08,True
CFCA2EE9D,Ann,Hodge,erivera@example.com,0403 236 099,Female,1997-12-27,Christinemouth,Western Australia,Australia,2408,Bronze,2025-03-21,True
CAA77CCDE,Christy,Thompson,hdaniels@example.net,+61-7-2715-4472,Female,1980-11-11,Port Veronica,Victoria,Australia,9371,Silver,2023-02-15,True
CF59DAF83,Paige,Green,martha23@example.org,+61397661088,Female,1987-01-11,Lake Mindy,Western Australia,Australia,2660,Bronze,2024-05-30,True
C2408267B,Cassandra,Robles,zwhite@example.com,+61207277072,Female,2000-02-03,Richardsonstad,Northern Territory,Australia,2920,Gold,2021-11-01,True
C49882F4F,Vanessa,Buckley,alexismartin@example.com,03.1231.6798,Female,1966-06-19,Stephaniefurt,Australian Capital Territory,Australia,2749,Gold,2026-08-11,True
C7E7D2385,Jonathan,Randolph,alison42@example.org,(03) 1759 2095,Male,1990-04-26,Perezmouth,South Australia,Australia,2664,Silver,2024-03-21,True
C118E1A04,Tracy,Flores,fwarner@example.org,+61712377108,Female,2005-08-12,East Daisy,South Australia,Australia,2818,Gold,2026-07-03,True
C33077FDC,Joshua,Schmitt,kayleepierce@example.com,(07)23744595,Male,1983-12-09,East Monica,Western Australia,Australia,2619,Bronze,2026-02-17,True
C293FE0C7,Kenneth,Andrews,derrick15@example.org,0604 1474,Male,1969-10-04,Jonestown,Western Australia,Australia,2626,Silver,2024-03-02,True
CAAF0D9A9,Travis,Key,kingjasmine@example.com,0493 743 989,Male,1987-11-05,Leroyfurt,Western Australia,Australia,2742,Bronze,2025-02-23,True
C99323A71,Victoria,Price,bedwards@example.net,0463 589 054,Female,1969-05-15,Stephaniemouth,Australian Capital Territory,Australia,0231,Bronze,2023-04-05,True
CC40E875D,Brady,Hudson,sandra64@example.com,2126 5814,Male,2000-09-05,Watkinsmouth,New South Wales,Australia,2978,Silver,2023-02-09,True
CB59844E1,Jason,Taylor,barry28@example.com,07-4176-1579,Male,1959-04-27,North Michaelmouth,South Australia,Australia,2538,Bronze,2023-04-19,True
C31517222,David,Gibson,rromero@example.com,02-9214-6987,Male,1988-07-22,Jonesberg,Australian Capital Territory,Australia,2625,Bronze,2022-01-12,True
C9A57716F,Daniel,Patterson,josephhunter@example.org,+61-7-4369-6605,Male,1953-09-25,Richardside,South Australia,Australia,0896,Bronze,2021-09-16,True
C694D344A,Benjamin,David,bdaniels@example.org,+61376578801,Male,1966-10-12,Meganbury,Australian Capital Territory,Australia,7333,Silver,2024-01-10,True
C26370637,Angela,Brooks,cookamanda@example.org,0863 4043,Female,1988-12-14,Jennifershire,Australian Capital Territory,Australia,2613,Gold,2023-09-05,True
CE94F1319,Brittany,Martin,vwagner@example.com,6326-9002,Female,1988-04-29,North Theodoreside,Victoria,Australia,2687,Silver,2025-12-26,True
C7B526480,Isaiah,Hicks,jasonsexton@example.org,+61-459-415-025,Male,2000-11-28,Port Tabitha,Australian Capital Territory,Australia,2920,Bronze,2024-12-27,True
CD4BC5AE2,Jasmine,House,sgregory@example.com,03-6174-5174,Female,1991-11-06,Stacyton,Northern Territory,Australia,2928,Gold,2026-07-06,True
CDA348088,Anthony,Davidson,juarezelizabeth@example.net,+61 7 3780 2816,Male,1949-07-22,Turnerstad,New South Wales,Australia,2697,Bronze,2025-08-30,True
C0E5A3BA2,Mackenzie,Davies,clarkvictoria@example.net,+61.495.222.483,Female,1973-10-28,South Charles,Tasmania,Australia,2939,Bronze,2022-05-04,True
C532DB577,Susan,Rose,robinsoncynthia@example.org,0427.984.111,Female,1966-08-21,Briantown,Australian Capital Territory,Australia,6893,Bronze,2026-07-30,True
C5825DD69,April,Marshall,robert56@example.net,+61.472.243.177,Female,1964-01-23,South Brittney,Western Australia,Australia,0260,Bronze,2023-04-19,True
C6E5B02F2,Matthew,Love,ericacooper@example.com,(03) 4716 1612,Male,2003-08-03,Jacksonberg,Victoria,Australia,2668,Bronze,2025-11-25,True
C46D3F14B,Jennifer,Walker,thomasford@example.com,(02)85960323,Female,1951-02-04,Williamshaven,Australian Capital Territory,Australia,2952,Bronze,2026-02-06,True
CE38595B0,Gregory,Allison,soniahester@example.com,7750-6648,Male,1983-07-04,Wendybury,Victoria,Australia,2845,Bronze,2025-02-16,True
C70692F32,Jonathan,Ryan,sarah60@example.com,+61 445 354 930,Male,1959-05-28,Port Phillipmouth,South Australia,Australia,3333,Bronze,2025-03-26,True
C35E3AE6C,Christopher,Garrett,wilsontyler@example.org,(07)85738242,Male,1980-07-18,Lyonsstad,Queensland,Australia,2600,Bronze,2026-03-01,False
